rule_id,z_section,status_3_0,event_type_3_0,event_type_rev7,current_ref,status_rev7,changed_since_3_0,reason_rev7,reason_detail,dead_axis,dead_tokens,loose_op_tokens,decision,duplicate_of,condition_rev7,evidence,requester_wave
appexploit_cmd_injection_nc,Z4,silent,file,file,application-exploits.yaml:232,silent-no-input,no,no-input-data,"condition is satisfiable on the live `filename` axis (file filename/op/comm/directory/extension), but no event in the four audited runs carried a matching value",,,,document-as-needing-environment,,"filename regex [.*/nc$,.*/ncat$,.*/netcat$,.*/nc\.openbsd$…]",rules/application-exploits.yaml:232,7/item1
appexploit_cmd_injection_whoami,Z4,silent,file,file,application-exploits.yaml:216,silent-no-input,no,no-input-data,"condition is satisfiable on the live `filename` axis (file filename/op/comm/directory/extension), but no event in the four audited runs carried a matching value",,,,document-as-needing-environment,,"filename in [/usr/bin/whoami,/usr/bin/id,/bin/id,/usr/bin/uname]",rules/application-exploits.yaml:216,7/item1
appexploit_containerd_socket_access,Z4,silent,file,file,application-exploits.yaml:445,silent-no-input,no,no-input-data,"condition is satisfiable on the live `filename` axis (file filename/op/comm/directory/extension), but no event in the four audited runs carried a matching value",,,,document-as-needing-environment,,"filename in [/run/containerd/containerd.sock,/var/run/containerd/containerd.sock]",rules/application-exploits.yaml:445,7/item1
appexploit_cri_socket_access,Z4,silent,file,file,application-exploits.yaml:459,silent-no-input,no,no-input-data,"condition is satisfiable on the live `filename` axis (file filename/op/comm/directory/extension), but no event in the four audited runs carried a matching value",,,,merge-with-duplicate,container_escape_crio_socket,"filename in [/var/run/crio/crio.sock,/run/crio/crio.sock]",rules/application-exploits.yaml:459 ; twins: container_escape_crio_socket rules/container-escape.yaml:697 (3.0 silent),7/item1
appexploit_docker_socket_access,Z4,silent,file,file,application-exploits.yaml:431,silent-no-input,no,no-input-data,"condition is satisfiable on the live `filename` axis (file filename/op/comm/directory/extension), but no event in the four audited runs carried a matching value",,,,document-as-needing-environment,,"filename in [/var/run/docker.sock,/run/docker.sock]",rules/application-exploits.yaml:431,7/item1
appexploit_java_deser_network_port,Z2,silent,tcp_connect,tcp_connect,application-exploits.yaml:127,silent-no-input,no,no-input-data,"condition is satisfiable on the live `dport` axis (tcp_connect dport/daddr/sport/saddr/family), but no event in the four audited runs carried a matching value",,,,document-as-needing-environment,,"dport in [1099,1100,8009,4848…]",rules/application-exploits.yaml:127,7/item1
appexploit_lfi_log_poisoning,Z4,silent,file,file,application-exploits.yaml:309,silent-no-input,no,no-input-data,"condition is satisfiable on the live `filename` axis (file filename/op/comm/directory/extension), but no event in the four audited runs carried a matching value",,,,document-as-needing-environment,,"filename prefix [/var/log/apache2/,/var/log/nginx/,/var/log/httpd/,/var/log/php/]",rules/application-exploits.yaml:309,7/item1
appexploit_log4shell_ldap_port,Z2,silent,tcp_connect,tcp_connect,application-exploits.yaml:28,silent-no-input,no,no-input-data,"condition is satisfiable on the live `dport` axis (tcp_connect dport/daddr/sport/saddr/family), but no event in the four audited runs carried a matching value",,,,document-as-needing-environment,,"dport in [1389,1099,389,636]",rules/application-exploits.yaml:28,7/item1
appexploit_log4shell_rmi_port,Z2,silent,tcp_connect,tcp_connect,application-exploits.yaml:40,silent-no-input,no,no-input-data,"condition is satisfiable on the live `dport` axis (tcp_connect dport/daddr/sport/saddr/family), but no event in the four audited runs carried a matching value",,,,document-as-needing-environment,,"dport in [1099,1100,1098]",rules/application-exploits.yaml:40,7/item1
appexploit_pip_install_malicious,Z1,silent,syscall,syscall,application-exploits.yaml:411,silent-no-input,no,no-input-data,"condition is satisfiable on the live `proc.args` axis (syscall nr (within the in-kernel allowlist)/arg/ret/comm/parent_comm, plus proc.args on execve/execveat), but no event in the four audited runs carried a matching value",,,,document-as-needing-environment,,"proc.args regex [pip.*install.*--index-url,pip.*install.*--extra-index-url,pip.*install.*/tmp/,pip.*install.*/dev/shm/]",rules/application-exploits.yaml:411,7/item1
appexploit_shellshock_pattern,Z1,silent,syscall,syscall,application-exploits.yaml:92,silent-no-input,no,no-input-data,"condition is satisfiable on the live `proc.args` axis (syscall nr (within the in-kernel allowlist)/arg/ret/comm/parent_comm, plus proc.args on execve/execveat), but no event in the four audited runs carried a matching value",,,,document-as-needing-environment,,"proc.args regex [\(\)\s*\{\s*:;\},\(\)\s*\{\s*ignored;\},bash -c.*\(\)\s*\{]",rules/application-exploits.yaml:92,7/item1
appexploit_spring4shell_file_write,Z4,silent,file,file,application-exploits.yaml:56,silent-no-input,no,no-input-data,"condition is satisfiable on the live `filename` axis (file filename/op/comm/directory/extension), but no event in the four audited runs carried a matching value",,,,document-as-needing-environment,,"filename regex [/opt/tomcat/webapps/ROOT/.*\.jsp$,/var/lib/tomcat.*/webapps/ROOT/.*\.jsp$]",rules/application-exploits.yaml:56,7/item1
appexploit_sqli_exec_xp,Z1,silent,syscall,syscall,application-exploits.yaml:177,silent-no-input,no,no-input-data,"condition is satisfiable on the live `proc.args` axis (syscall nr (within the in-kernel allowlist)/arg/ret/comm/parent_comm, plus proc.args on execve/execveat), but no event in the four audited runs carried a matching value",,,,document-as-needing-environment,,"proc.args regex [(?i)xp_cmdshell,(?i)exec.*master\.dbo,(?i)sp_configure.*xp_cmdshell]",rules/application-exploits.yaml:177,7/item1
appexploit_sqli_outfile,Z1,silent,syscall,syscall,application-exploits.yaml:162,silent-no-input,no,no-input-data,"condition is satisfiable on the live `proc.args` axis (syscall nr (within the in-kernel allowlist)/arg/ret/comm/parent_comm, plus proc.args on execve/execveat), but no event in the four audited runs carried a matching value",,,,document-as-needing-environment,,"proc.args regex [(?i)SELECT.*INTO.*OUTFILE,(?i)SELECT.*INTO.*DUMPFILE,(?i)LOAD_FILE.*\(]",rules/application-exploits.yaml:162,7/item1
appexploit_ssrf_gcp_metadata,Z2,silent,tcp_connect,tcp_connect,application-exploits.yaml:329,silent-no-input,no,no-input-data,"condition is satisfiable on the live `daddr` axis (tcp_connect dport/daddr/sport/saddr/family), but no event in the four audited runs carried a matching value",,,,merge-with-duplicate,cloud_ext_gcp_compute_metadata_access,"daddr in [169.254.169.254,metadata.google.internal]",rules/application-exploits.yaml:329 ; twins: cloud_ext_gcp_compute_metadata_access rules/cloud-attacks-extended.yaml:194 (3.0 silent),7/item1
appexploit_ssti_pattern,Z1,silent,syscall,syscall,application-exploits.yaml:196,silent-no-input,no,no-input-data,"condition is satisfiable on the live `proc.args` axis (syscall nr (within the in-kernel allowlist)/arg/ret/comm/parent_comm, plus proc.args on execve/execveat), but no event in the four audited runs carried a matching value",,,,document-as-needing-environment,,"proc.args regex [\{\{.*\.__class__.*\.__mro__,\$\{T\(java\.lang\.Runtime\),\$\{.*Runtime\.getRuntime\(\),#set.*ClassLoader]",rules/application-exploits.yaml:196,7/item1
appexploit_struts2_ognl_shell,Z4,silent,file,file,application-exploits.yaml:74,silent-no-input,no,no-input-data,"condition is satisfiable on the live `filename` axis (file filename/op/comm/directory/extension), but no event in the four audited runs carried a matching value",,,,document-as-needing-environment,,"filename regex [.*/struts2.*\.jsp$,.*/struts.*shell.*\.jsp$]",rules/application-exploits.yaml:74,7/item1
c2_connect_to_tor_port,Z2,silent,tcp_connect,tcp_connect,command-and-control.yaml:248,silent-no-input,no,no-input-data,"condition is satisfiable on the live `dport` axis (tcp_connect dport/daddr/sport/saddr/family), but no event in the four audited runs carried a matching value",,,,document-as-needing-environment,,"network.dport in [9050,9150,9051,9151]",rules/command-and-control.yaml:248,7/item1
c2_high_port_outbound,Z2,silent,tcp_connect,tcp_connect,command-and-control.yaml:263,silent-no-input,no,no-input-data,"condition is satisfiable on the live `dport` axis (tcp_connect dport/daddr/sport/saddr/family), but no event in the four audited runs carried a matching value",,,,document-as-needing-environment,,"network.dport gt [40000] AND proc.comm not_in [kubectl,docker,containerd,etcd…]",rules/command-and-control.yaml:263,7/item1
c2_icmp_large_payload,Z2,silent,tcp_connect,tcp_connect,command-and-control.yaml:336,structurally-dead,no,condition-truly-doesnt-match,"unsatisfiable `proto` condition: every tcp_connect event is emitted with proto=6 (IPPROTO_TCP) (bpf/network.bpf.c:124,136,226,241); no UDP/ICMP/GRE event type is produced; condition requires ['1']",proto,1,,document-as-structurally-inert,,network.proto equals [1] AND network.dport gt [200],rules/command-and-control.yaml:336,7/item1
c2_ingress_piped_to_shell,Z1,silent,syscall,syscall,collection-and-evasion-gaps.yaml:123,condition-changed-since-3.0,yes,no-input-data,"condition is satisfiable on the live `comm` axis (syscall nr (within the in-kernel allowlist)/arg/ret/comm/parent_comm, plus proc.args on execve/execveat), but no event in the four audited runs carried a matching value; condition CHANGED in waves 5-6 (3.0 verdict stale — re-measure on stand)",,,,document-as-needing-environment,,"proc.comm in [bash,sh,zsh,dash…] AND syscall.nr equals [59] AND proc.parent_comm not_in [sshd,cron,systemd,run-parts…] AND proc.args regex [^(/usr/local/bin/|/usr/bin/|/bin/)?(sh|bash|dash|zsh|ksh)( -s)?( --.*)?$,^(/usr/local/bin/|/usr/bin/|/bin/)?(python3|python|perl|ruby)( -)?$]",rules/collection-and-evasion-gaps.yaml:123,7/item1
c2_raw_socket_shell,Z1,silent,syscall,syscall,command-and-control.yaml:24,structurally-dead,no,condition-truly-doesnt-match,"unsatisfiable `nr` condition: the in-kernel syscall filter forwards only the 22 numbers of config/config.yaml kernel_filter.monitored_syscalls (bpf/syscall.bpf.c:52, syscall_is_monitored); no attack scenario can produce an event for a number outside it; condition requires ['41']",nr,41,,fix-condition,,"proc.comm in [bash,sh,zsh,python3…] AND syscall.nr equals [41]",rules/command-and-control.yaml:24,7/item1
c2_remote_access_tool,Z1,silent,syscall,syscall,command-and-control.yaml:312,silent-no-input,no,no-input-data,"condition is satisfiable on the live `comm` axis (syscall nr (within the in-kernel allowlist)/arg/ret/comm/parent_comm, plus proc.args on execve/execveat), but no event in the four audited runs carried a matching value",,,,document-as-needing-environment,,"proc.comm in [ngrok,frp,frpc,frps…] AND syscall.nr equals [59]",rules/command-and-control.yaml:312,7/item1
c2_reverse_shell_standard_ports,Z2,silent,tcp_connect,tcp_connect,command-and-control.yaml:3,silent-no-input,no,no-input-data,"condition is satisfiable on the live `comm` axis (tcp_connect dport/daddr/sport/saddr/family), but no event in the four audited runs carried a matching value",,,,document-as-needing-environment,,"proc.comm in [bash,sh,zsh,dash…] AND network.dport not_in [53,123]",rules/command-and-control.yaml:3,7/item1
cis_5_1_1_cluster_admin_usage,Z1,silent,syscall,syscall,cis-k8s.yaml:6,silent-no-input,no,no-input-data,"condition is satisfiable on the live `comm` axis (syscall nr (within the in-kernel allowlist)/arg/ret/comm/parent_comm, plus proc.args on execve/execveat), but no event in the four audited runs carried a matching value",,,,document-as-needing-environment,,"comm regex [kubectl,helm]",rules/cis-k8s.yaml:6,7/item1
cis_5_1_3_secret_access,Z4,silent,file,file,cis-k8s.yaml:26,silent-no-input,no,no-input-data,"condition is satisfiable on the live `filename` axis (file filename/op/comm/directory/extension), but no event in the four audited runs carried a matching value",,,,document-as-needing-environment,,"filename prefix [/var/lib/kubelet/pods/,/run/secrets/kubernetes.io/]",rules/cis-k8s.yaml:26,7/item1
cis_5_2_1_privileged_container,Z1,silent,syscall,syscall,cis-k8s.yaml:86,condition-changed-since-3.0,yes,condition-truly-doesnt-match,"3.0 keyed nr=['160']; waves 5-6 corrected it to nr=['272'] — the 3.0 silence was a wrong syscall number, now fixed",,,,verify-after-fix,"container_escape_unshare_user,privesc_unshare_user_ns",nr in [272],"rules/cis-k8s.yaml:86 ; twins: container_escape_unshare_user rules/container-escape.yaml:192 (3.0 silent), privesc_unshare_user_ns rules/privesc.yaml:324 (3.0 silent)",7/item1
cis_5_2_5_privilege_escalation,Z1,silent,syscall,syscall,cis-k8s.yaml:246,condition-changed-since-3.0,yes,condition-truly-doesnt-match,"3.0 keyed nr=['82', '105']; waves 5-6 corrected it to nr=['105', '106'] — the 3.0 silence was a wrong syscall number, now fixed",,,,verify-after-fix,,"nr in [105,106] AND comm not_in [sshd,su,sudo,cron…]",rules/cis-k8s.yaml:246,7/item1
cloud_ext_aws_imds_v1_access,Z2,silent,tcp_connect,tcp_connect,cloud-attacks-extended.yaml:10,silent-no-input,no,no-input-data,"condition is satisfiable on the live `daddr` axis (tcp_connect dport/daddr/sport/saddr/family), but no event in the four audited runs carried a matching value",,,,document-as-needing-environment,,daddr in [169.254.169.254],rules/cloud-attacks-extended.yaml:10,7/item1
cloud_ext_gcp_compute_metadata_access,Z2,silent,tcp_connect,tcp_connect,cloud-attacks-extended.yaml:194,silent-no-input,no,no-input-data,"condition is satisfiable on the live `daddr` axis (tcp_connect dport/daddr/sport/saddr/family), but no event in the four audited runs carried a matching value",,,,merge-with-duplicate,appexploit_ssrf_gcp_metadata,"daddr in [169.254.169.254,metadata.google.internal]",rules/cloud-attacks-extended.yaml:194 ; twins: appexploit_ssrf_gcp_metadata rules/application-exploits.yaml:329 (3.0 silent),7/item1
cloud_ext_k8s_etcd_access,Z2,silent,tcp_connect,tcp_connect,cloud-attacks-extended.yaml:322,silent-no-input,no,no-input-data,"condition is satisfiable on the live `dport` axis (tcp_connect dport/daddr/sport/saddr/family), but no event in the four audited runs carried a matching value",,,,merge-with-duplicate,k8s_etcd_direct_access,"dport in [2379,2380]",rules/cloud-attacks-extended.yaml:322 ; twins: k8s_etcd_direct_access rules/k8s-attacks.yaml:191 (3.0 silent),7/item1
collection_direct_db_file_access,Z4,silent,file,file,collection-and-evasion-gaps.yaml:4,silent-no-input,no,no-input-data,"condition is satisfiable on the live `filename` axis (file filename/op/comm/directory/extension), but no event in the four audited runs carried a matching value",,,,document-as-needing-environment,,"file.path prefix [/var/lib/mysql/,/var/lib/postgresql/,/var/lib/mongodb/,/var/lib/redis/…] AND file.op in [open,read] AND proc.comm not_in [mysqld,mariadbd,postgres,postmaster…]",rules/collection-and-evasion-gaps.yaml:4,7/item1
collection_local_mail_spool_access,Z4,silent,file,file,collection-and-evasion-gaps.yaml:70,silent-no-input,no,no-input-data,"condition is satisfiable on the live `filename` axis (file filename/op/comm/directory/extension), but no event in the four audited runs carried a matching value",,,,document-as-needing-environment,,"file.path prefix [/var/mail/,/var/spool/mail/,/var/spool/postfix/] AND file.op in [open,read] AND proc.comm not_in [postfix,dovecot,exim4,sendmail…]",rules/collection-and-evasion-gaps.yaml:70,7/item1
cred_aws_credentials_read,Z4,silent,file,file,credential-access.yaml:3,silent-no-input,no,no-input-data,"condition is satisfiable on the live `filename` axis (file filename/op/comm/directory/extension), but no event in the four audited runs carried a matching value",,,,document-as-needing-environment,,"file.path suffix [/.aws/credentials,/.aws/config] AND file.op in [read,open] AND proc.comm not_in [aws,terraform,packer,ansible…]",rules/credential-access.yaml:3,7/item1
cred_bash_history_read,Z4,silent,file,file,credential-access.yaml:125,silent-no-input,no,no-input-data,"condition is satisfiable on the live `filename` axis (file filename/op/comm/directory/extension), but no event in the four audited runs carried a matching value",,,,document-as-needing-environment,,"file.path suffix [/.bash_history,/.zsh_history,/.sh_history,/.history…] AND file.op in [read,open] AND proc.comm not_in [bash,zsh,sh,fish…]",rules/credential-access.yaml:125,7/item1
cred_browser_store_read,Z4,silent,file,file,credential-access.yaml:182,silent-no-input,no,no-input-data,"condition is satisfiable on the live `filename` axis (file filename/op/comm/directory/extension), but no event in the four audited runs carried a matching value",,,,document-as-needing-environment,,"file.path suffix [/Login Data,/Login Data-journal,/logins.json,/key4.db…] AND file.op in [read,open] AND proc.comm not_in [chrome,chromium,firefox,brave…]",rules/credential-access.yaml:182,7/item1
cred_docker_auth_read,Z4,silent,file,file,credential-access.yaml:156,silent-no-input,no,no-input-data,"condition is satisfiable on the live `filename` axis (file filename/op/comm/directory/extension), but no event in the four audited runs carried a matching value",,,,document-as-needing-environment,,"file.path suffix [/.docker/config.json,/.dockerconfigjson] AND file.op in [read,open] AND proc.comm not_in [docker,podman,containerd,buildkit…]",rules/credential-access.yaml:156,7/item1
cred_gcp_service_account_read,Z4,silent,file,file,credential-access.yaml:30,silent-no-input,no,no-input-data,"condition is satisfiable on the live `filename` axis (file filename/op/comm/directory/extension), but no event in the four audited runs carried a matching value",,,,document-as-needing-environment,,"file.path prefix [/etc/gcp/,/etc/google/,/run/secrets/google] AND file.path suffix [.json] AND file.op in [read,open] AND proc.comm not_in [gcloud,python3,python,node…]",rules/credential-access.yaml:30,7/item1
cred_ssh_private_key_read,Z4,silent,file,file,credential-access.yaml:59,silent-no-input,no,no-input-data,"condition is satisfiable on the live `filename` axis (file filename/op/comm/directory/extension), but no event in the four audited runs carried a matching value",,,,document-as-needing-environment,,"file.path suffix [/id_rsa,/id_ed25519,/id_ecdsa,/id_dsa…] AND file.op in [read,open] AND proc.comm not_in [ssh,scp,sftp,ssh-agent…]",rules/credential-access.yaml:59,7/item1
cred_vault_token_read,Z4,silent,file,file,credential-access.yaml:214,silent-no-input,no,no-input-data,"condition is satisfiable on the live `filename` axis (file filename/op/comm/directory/extension), but no event in the four audited runs carried a matching value",,,,document-as-needing-environment,,"file.path suffix [/.vault-token,/.vault/token,/vault-token] AND file.op in [read,open] AND proc.comm not_in [vault,consul,nomad,terraform…]",rules/credential-access.yaml:214,7/item1
credaccess_pam_config_backdoor,Z4,silent,file,file,credential-and-defense-gaps.yaml:5,silent-no-input,no,no-input-data,"condition is satisfiable on the live `filename` axis (file filename/op/comm/directory/extension), but no event in the four audited runs carried a matching value; carries non-emitted op token(s) ['create'] alongside a live op",,,create,document-as-needing-environment,,"file.path prefix [/etc/pam.d/,/etc/pam.conf] AND file.op in [create,write] AND proc.comm not_in [dpkg,rpm,apt,yum…]",rules/credential-and-defense-gaps.yaml:5,7/item1
credaccess_ssh_authorized_keys_modified,Z4,silent,file,file,credential-and-defense-gaps.yaml:34,silent-no-input,no,no-input-data,"condition is satisfiable on the live `filename` axis (file filename/op/comm/directory/extension), but no event in the four audited runs carried a matching value; carries non-emitted op token(s) ['create'] alongside a live op",,,create,document-as-needing-environment,,"file.path suffix [authorized_keys,authorized_keys2] AND file.op in [create,write] AND proc.comm not_in [ssh,sshd,ssh-copy-id,scp…]",rules/credential-and-defense-gaps.yaml:34,7/item1
defense_evasion_binary_truncate_pad,Z4,silent,file,file,collection-and-evasion-gaps.yaml:42,silent-no-input,no,no-input-data,"condition is satisfiable on the live `comm` axis (file filename/op/comm/directory/extension), but no event in the four audited runs carried a matching value; carries non-emitted op token(s) ['truncate'] alongside a live op",,,truncate,document-as-needing-environment,,"proc.comm in [truncate,dd,fallocate] AND file.path prefix [/usr/bin/,/usr/sbin/,/bin/,/sbin/…] AND file.op in [write,truncate]",rules/collection-and-evasion-gaps.yaml:42,7/item1
defense_evasion_journald_log_clear,Z4,silent,file,file,credential-and-defense-gaps.yaml:60,structurally-dead,no,condition-truly-doesnt-match,"unsatisfiable `op` condition: collector emits only open|read|write|chmod (bpf/common.h FILE_OP_*, internal/collector/fileaccess.go); condition requires ['rmdir', 'truncate', 'unlink']",op,"rmdir,truncate,unlink","rmdir,truncate,unlink",document-as-structurally-inert,,"file.path prefix [/var/log/] AND file.op in [unlink,rmdir,truncate] AND proc.comm not_in [logrotate,logrotate.d,journalctl,rsyslogd…]",rules/credential-and-defense-gaps.yaml:60,7/item1
drift_dangerous_syscall,Z1,silent,syscall,syscall,drift-rules.yaml:260,condition-changed-since-3.0,yes,no-input-data,"condition is satisfiable on the live `nr` axis (syscall nr (within the in-kernel allowlist)/arg/ret/comm/parent_comm, plus proc.args on execve/execveat), but no event in the four audited runs carried a matching value; condition CHANGED in waves 5-6 (3.0 verdict stale — re-measure on stand)",,,,document-as-needing-environment,,"nr in [ptrace,mount,umount2,unshare…] AND comm not_in [runc,containerd-shim,containerd-shim-runc-v2,dockerd…]",rules/drift-rules.yaml:260,7/item1
drift_new_network_common_c2_ports,Z2,silent,tcp_connect,tcp_connect,drift-rules.yaml:238,silent-no-input,no,no-input-data,"condition is satisfiable on the live `dport` axis (tcp_connect dport/daddr/sport/saddr/family), but no event in the four audited runs carried a matching value",,,,document-as-needing-environment,,"dport in [4444,8080,8443,31337…]",rules/drift-rules.yaml:238,7/item1
evasion_auditd_stop,Z1,silent,syscall,syscall,defense-evasion.yaml:166,structurally-dead,no,condition-truly-doesnt-match,"unsatisfiable `nr` condition: the in-kernel syscall filter forwards only the 22 numbers of config/config.yaml kernel_filter.monitored_syscalls (bpf/syscall.bpf.c:52, syscall_is_monitored); no attack scenario can produce an event for a number outside it; condition requires ['37', '62', '238']",nr,"37,62,238",,fix-condition,,"syscall.nr in [62,37,238] AND proc.comm in [bash,sh,zsh,python3…]",rules/defense-evasion.yaml:166,7/item1
evasion_base64_shell_decode,Z1,silent,syscall,syscall,defense-evasion.yaml:188,silent-no-input,no,no-input-data,"condition is satisfiable on the live `comm` axis (syscall nr (within the in-kernel allowlist)/arg/ret/comm/parent_comm, plus proc.args on execve/execveat), but no event in the four audited runs carried a matching value",,,,document-as-needing-environment,,"proc.comm in [base64,openssl,xxd,od…] AND syscall.nr equals [59]",rules/defense-evasion.yaml:188,7/item1
evasion_chmod_sensitive,Z1,silent,syscall,file,defense-evasion.yaml:73,condition-changed-since-3.0,yes,no-input-data,"condition is satisfiable on the live `op` axis (file filename/op/comm/directory/extension), but no event in the four audited runs carried a matching value; condition CHANGED in waves 5-6 (3.0 verdict stale — re-measure on stand)",,,,document-as-needing-environment,,"file.op eq [chmod] AND file.path prefix [/bin/,/sbin/,/usr/bin/,/usr/sbin/…] AND proc.comm not_in [dpkg,rpm,apt,yum…]",rules/defense-evasion.yaml:73,7/item1
evasion_iptables_flush,Z1,silent,syscall,syscall,defense-evasion.yaml:239,condition-changed-since-3.0,yes,no-input-data,"condition is satisfiable on the live `comm` axis (syscall nr (within the in-kernel allowlist)/arg/ret/comm/parent_comm, plus proc.args on execve/execveat), but no event in the four audited runs carried a matching value; condition CHANGED in waves 5-6 (3.0 verdict stale — re-measure on stand)",,,,document-as-needing-environment,,"proc.comm in [iptables,ip6tables,nft,firewall-cmd…] AND syscall.nr equals [59] AND proc.args regex [(^|\s)(-F|--flush|-X|--delete-chain)(\s|$),flush ruleset,--panic,disable]",rules/defense-evasion.yaml:239,7/item1
evasion_log_clear,Z4,silent,file,file,defense-evasion.yaml:3,structurally-dead,no,condition-truly-doesnt-match,"unsatisfiable `op` condition: collector emits only open|read|write|chmod (bpf/common.h FILE_OP_*, internal/collector/fileaccess.go); condition requires ['rename', 'truncate', 'unlink']",op,"rename,truncate,unlink","rename,truncate,unlink",document-as-structurally-inert,,"file.path prefix [/var/log/] AND file.op in [unlink,truncate,rename] AND proc.comm not_in [logrotate,newsyslog,journald,rsyslog…]",rules/defense-evasion.yaml:3,7/item1
evasion_self_delete,Z1,silent,syscall,syscall,defense-evasion.yaml:209,silent-no-input,no,no-input-data,"condition is satisfiable on the live `nr` axis (syscall nr (within the in-kernel allowlist)/arg/ret/comm/parent_comm, plus proc.args on execve/execveat), but no event in the four audited runs carried a matching value",,,,document-as-needing-environment,,"syscall.nr in [87,263] AND proc.comm not_in [dpkg,rpm,apt,yum…]",rules/defense-evasion.yaml:209,7/item1
evasion_system_binary_replace,Z4,silent,file,file,defense-evasion.yaml:100,silent-no-input,no,no-input-data,"condition is satisfiable on the live `filename` axis (file filename/op/comm/directory/extension), but no event in the four audited runs carried a matching value; carries non-emitted op token(s) ['create', 'rename'] alongside a live op",,,"create,rename",document-as-needing-environment,,"file.path prefix [/bin/,/sbin/,/usr/bin/,/usr/sbin/…] AND file.op in [write,create,rename] AND proc.comm not_in [dpkg,rpm,apt,yum…]",rules/defense-evasion.yaml:100,7/item1
evasion_timestamp_modify,Z1,silent,syscall,syscall,defense-evasion.yaml:28,structurally-dead,no,condition-truly-doesnt-match,"unsatisfiable `nr` condition: the in-kernel syscall filter forwards only the 22 numbers of config/config.yaml kernel_filter.monitored_syscalls (bpf/syscall.bpf.c:52, syscall_is_monitored); no attack scenario can produce an event for a number outside it; condition requires ['132', '235', '280']",nr,"132,235,280",,fix-condition,,"syscall.nr in [132,280,235] AND proc.comm not_in [touch,rsync,git,tar…]",rules/defense-evasion.yaml:28,7/item1
exec_from_tmp,Z1,silent,syscall,syscall,sigma-linux.yaml:359,silent-no-input,no,no-input-data,"condition is satisfiable on the live `proc.args` axis (syscall nr (within the in-kernel allowlist)/arg/ret/comm/parent_comm, plus proc.args on execve/execveat), but no event in the four audited runs carried a matching value",,,,document-as-needing-environment,,"proc.args prefix [/tmp/,/dev/shm/,/var/tmp/]",rules/sigma-linux.yaml:359,7/item1
execution_dbus_activation_attack,Z1,silent,syscall,syscall,credential-and-defense-gaps.yaml:86,silent-no-input,no,no-input-data,"condition is satisfiable on the live `comm` axis (syscall nr (within the in-kernel allowlist)/arg/ret/comm/parent_comm, plus proc.args on execve/execveat), but no event in the four audited runs carried a matching value",,,,document-as-needing-environment,,"proc.comm in [dbus-send,gdbus,dbus-monitor,dbus-launch] AND syscall.nr equals [59]",rules/credential-and-defense-gaps.yaml:86,7/item1
execution_motd_hook_exec,Z4,silent,file,file,collection-and-evasion-gaps.yaml:190,silent-no-input,no,no-input-data,"condition is satisfiable on the live `filename` axis (file filename/op/comm/directory/extension), but no event in the four audited runs carried a matching value; carries non-emitted op token(s) ['create'] alongside a live op",,,create,document-as-needing-environment,,"file.path prefix [/etc/update-motd.d/] AND file.path suffix [.sh,.py,.pl,.rb] AND file.op in [create,write] AND proc.comm not_in [dpkg,rpm,apt,yum…]",rules/collection-and-evasion-gaps.yaml:190,7/item1
exfil_archive_to_network_pipe,Z1,silent,syscall,syscall,exfiltration-extended.yaml:305,condition-changed-since-3.0,yes,no-input-data,"condition is satisfiable on the live `comm` axis (syscall nr (within the in-kernel allowlist)/arg/ret/comm/parent_comm, plus proc.args on execve/execveat), but no event in the four audited runs carried a matching value; condition CHANGED in waves 5-6 (3.0 verdict stale — re-measure on stand)",,,,document-as-needing-environment,,"proc.comm in [nc,ncat,netcat,curl…] AND syscall.nr equals [59] AND proc.parent_comm in [tar,zip,gzip,gunzip…]",rules/exfiltration-extended.yaml:305,7/item1
exfil_clipboard_tool_network,Z4,silent,file,file,data-exfiltration.yaml:214,silent-no-input,no,no-input-data,"condition is satisfiable on the live `filename` axis (file filename/op/comm/directory/extension), but no event in the four audited runs carried a matching value",,,,document-as-needing-environment,,"filename prefix [/proc/self/mem,/dev/shm/]",rules/data-exfiltration.yaml:214,7/item1
exfil_cloud_sync_tool,Z1,silent,syscall,syscall,exfiltration-extended.yaml:341,silent-no-input,no,no-input-data,"condition is satisfiable on the live `comm` axis (syscall nr (within the in-kernel allowlist)/arg/ret/comm/parent_comm, plus proc.args on execve/execveat), but no event in the four audited runs carried a matching value",,,,document-as-needing-environment,,"proc.comm in [rclone,s3cmd,s3,gsutil…] AND syscall.nr equals [59] AND uid not_in [0]",rules/exfiltration-extended.yaml:341,7/item1
exfil_ftp_active_connection,Z2,silent,tcp_connect,tcp_connect,exfiltration-extended.yaml:368,silent-no-input,no,no-input-data,"condition is satisfiable on the live `dport` axis (tcp_connect dport/daddr/sport/saddr/family), but no event in the four audited runs carried a matching value",,,,document-as-needing-environment,,network.dport equals [21],rules/exfiltration-extended.yaml:368,7/item1
exfil_raw_socket_by_non_root,Z1,silent,syscall,syscall,exfiltration-extended.yaml:175,structurally-dead,no,condition-truly-doesnt-match,"unsatisfiable `nr` condition: the in-kernel syscall filter forwards only the 22 numbers of config/config.yaml kernel_filter.monitored_syscalls (bpf/syscall.bpf.c:52, syscall_is_monitored); no attack scenario can produce an event for a number outside it; condition requires ['41']",nr,41,,fix-condition,,"syscall.nr equals [41] AND uid not_in [0] AND proc.comm not_in [ping,traceroute,tracepath,mtr…]",rules/exfiltration-extended.yaml:175,7/item1
exfil_scp_from_container,Z2,silent,tcp_connect,tcp_connect,data-exfiltration.yaml:239,silent-no-input,no,no-input-data,"condition is satisfiable on the live `dport` axis (tcp_connect dport/daddr/sport/saddr/family), but no event in the four audited runs carried a matching value",,,,document-as-needing-environment,,"dport in [22,2222,2022]",rules/data-exfiltration.yaml:239,7/item1
exfil_usb_mount,Z4,silent,file,file,exfiltration-extended.yaml:201,silent-no-input,no,no-input-data,"condition is satisfiable on the live `filename` axis (file filename/op/comm/directory/extension), but no event in the four audited runs carried a matching value; carries non-emitted op token(s) ['create'] alongside a live op",,,create,document-as-needing-environment,,"file.path prefix [/media/,/mnt/usb,/run/media/] AND file.op in [create,write] AND proc.comm not_in [udisks2,udisksd,udevadm,systemd-udevd…]",rules/exfiltration-extended.yaml:201,7/item1
exfil_wayland_socket_access,Z4,silent,file,file,data-exfiltration.yaml:116,silent-no-input,no,no-input-data,"condition is satisfiable on the live `filename` axis (file filename/op/comm/directory/extension), but no event in the four audited runs carried a matching value",,,,document-as-needing-environment,,"filename regex [/run/user/[0-9]+/wayland-[0-9]+,/var/run/user/[0-9]+/wayland-[0-9]+]",rules/data-exfiltration.yaml:116,7/item1
exfil_x11_socket_access,Z4,silent,file,file,data-exfiltration.yaml:96,silent-no-input,no,no-input-data,"condition is satisfiable on the live `filename` axis (file filename/op/comm/directory/extension), but no event in the four audited runs carried a matching value",,,,document-as-needing-environment,,"filename regex [/tmp/\.X11-unix/X[0-9]+,/tmp/\.X[0-9]+-lock]",rules/data-exfiltration.yaml:96,7/item1
fim_apparmor_profile_modified,Z4,silent,file,file,file-integrity-extended.yaml:345,silent-no-input,no,no-input-data,"condition is satisfiable on the live `op` axis (file filename/op/comm/directory/extension), but no event in the four audited runs carried a matching value",,,,document-as-needing-environment,,"op eq [write] AND filename prefix [/etc/apparmor.d/,/etc/apparmor/]",rules/file-integrity-extended.yaml:345,7/item1
fim_audit_rules_modified,Z4,silent,file,file,file-integrity-extended.yaml:326,silent-no-input,no,no-input-data,"condition is satisfiable on the live `op` axis (file filename/op/comm/directory/extension), but no event in the four audited runs carried a matching value",,,,document-as-needing-environment,,"op eq [write] AND filename prefix [/etc/audit/,/etc/audit/rules.d/]",rules/file-integrity-extended.yaml:326,7/item1
fim_binary_replaced_in_system_dir,Z4,silent,file,file,file-integrity-extended.yaml:11,silent-no-input,no,no-input-data,"condition is satisfiable on the live `op` axis (file filename/op/comm/directory/extension), but no event in the four audited runs carried a matching value",,,,document-as-needing-environment,,"op eq [write] AND filename regex [^/usr/bin/[^/]+$,^/usr/sbin/[^/]+$,^/bin/[^/]+$,^/sbin/[^/]+$]",rules/file-integrity-extended.yaml:11,7/item1
fim_ca_cert_modified,Z4,silent,file,file,file-integrity-extended.yaml:558,silent-no-input,no,no-input-data,"condition is satisfiable on the live `op` axis (file filename/op/comm/directory/extension), but no event in the four audited runs carried a matching value",,,,document-as-needing-environment,,"op eq [write] AND filename prefix [/etc/ssl/certs/,/usr/local/share/ca-certificates/,/etc/ca-certificates.conf,/etc/pki/ca-trust/]",rules/file-integrity-extended.yaml:558,7/item1
fim_containerd_config_modified,Z4,silent,file,file,file-integrity-extended.yaml:514,silent-no-input,no,no-input-data,"condition is satisfiable on the live `op` axis (file filename/op/comm/directory/extension), but no event in the four audited runs carried a matching value",,,,document-as-needing-environment,,"op eq [write] AND filename prefix [/etc/containerd/,/var/lib/containerd/]",rules/file-integrity-extended.yaml:514,7/item1
fim_docker_config_modified,Z4,silent,file,file,file-integrity-extended.yaml:495,silent-no-input,no,no-input-data,"condition is satisfiable on the live `op` axis (file filename/op/comm/directory/extension), but no event in the four audited runs carried a matching value",,,,document-as-needing-environment,,"op eq [write] AND filename prefix [/etc/docker/,/var/lib/docker/daemon.json]",rules/file-integrity-extended.yaml:495,7/item1
fim_init_d_script_written,Z4,silent,file,file,file-integrity-extended.yaml:234,silent-no-input,no,no-input-data,"condition is satisfiable on the live `op` axis (file filename/op/comm/directory/extension), but no event in the four audited runs carried a matching value",,,,document-as-needing-environment,,op eq [write] AND filename prefix [/etc/init.d/],rules/file-integrity-extended.yaml:234,7/item1
fim_library_replaced,Z4,silent,file,file,file-integrity-extended.yaml:35,silent-no-input,no,no-input-data,"condition is satisfiable on the live `op` axis (file filename/op/comm/directory/extension), but no event in the four audited runs carried a matching value",,,,document-as-needing-environment,,"op eq [write] AND filename regex [^/lib/.*\.so(\.[0-9]+)*$,^/usr/lib/.*\.so(\.[0-9]+)*$,^/lib64/.*\.so(\.[0-9]+)*$,^/usr/lib64/.*\.so(\.[0-9]+)*$]",rules/file-integrity-extended.yaml:35,7/item1
fim_network_config_modified,Z4,silent,file,file,file-integrity-extended.yaml:470,silent-no-input,no,no-input-data,"condition is satisfiable on the live `op` axis (file filename/op/comm/directory/extension), but no event in the four audited runs carried a matching value",,,,document-as-needing-environment,,"op eq [write] AND filename prefix [/etc/network/interfaces,/etc/netplan/,/etc/sysconfig/network-scripts/,/etc/NetworkManager/system-connections/]",rules/file-integrity-extended.yaml:470,7/item1
fim_polkit_policy_modified,Z4,silent,file,file,file-integrity-extended.yaml:406,silent-no-input,no,no-input-data,"condition is satisfiable on the live `op` axis (file filename/op/comm/directory/extension), but no event in the four audited runs carried a matching value",,,,document-as-needing-environment,,"op eq [write] AND filename prefix [/usr/share/polkit-1/actions/,/etc/polkit-1/,/var/lib/polkit-1/]",rules/file-integrity-extended.yaml:406,7/item1
fim_private_key_written,Z4,silent,file,file,file-integrity-extended.yaml:579,silent-no-input,no,no-input-data,"condition is satisfiable on the live `op` axis (file filename/op/comm/directory/extension), but no event in the four audited runs carried a matching value",,,,document-as-needing-environment,,"op eq [write] AND filename regex [/tmp/.*\.(pem|key|crt|pfx|p12|jks)$,/dev/shm/.*\.(pem|key|crt|pfx|p12|jks)$,/var/tmp/.*\.(pem|key|crt|pfx|p12|jks)$]",rules/file-integrity-extended.yaml:579,7/item1
fim_rc_local_modified,Z4,silent,file,file,file-integrity-extended.yaml:214,silent-no-input,no,no-input-data,"condition is satisfiable on the live `op` axis (file filename/op/comm/directory/extension), but no event in the four audited runs carried a matching value",,,,document-as-needing-environment,,"op eq [write] AND filename in [/etc/rc.local,/etc/rc.d/rc.local,/etc/init.d/rc.local]",rules/file-integrity-extended.yaml:214,7/item1
fim_selinux_config_modified,Z4,silent,file,file,file-integrity-extended.yaml:364,silent-no-input,no,no-input-data,"condition is satisfiable on the live `op` axis (file filename/op/comm/directory/extension), but no event in the four audited runs carried a matching value",,,,document-as-needing-environment,,"op eq [write] AND filename in [/etc/selinux/config,/etc/selinux/targeted/booleans.conf]",rules/file-integrity-extended.yaml:364,7/item1
fim_ssh_known_hosts_modified,Z4,silent,file,file,file-integrity-extended.yaml:280,silent-no-input,no,no-input-data,"condition is satisfiable on the live `op` axis (file filename/op/comm/directory/extension), but no event in the four audited runs carried a matching value",,,,document-as-needing-environment,,"op eq [write] AND filename regex [.*/\.ssh/known_hosts$,/etc/ssh/ssh_known_hosts$]",rules/file-integrity-extended.yaml:280,7/item1
fim_sudoers_written,Z4,silent,file,file,file-integrity-extended.yaml:387,silent-no-input,no,no-input-data,"condition is satisfiable on the live `op` axis (file filename/op/comm/directory/extension), but no event in the four audited runs carried a matching value",,,,document-as-needing-environment,,"op eq [write] AND filename prefix [/etc/sudoers,/etc/sudoers.d/]",rules/file-integrity-extended.yaml:387,7/item1
fim_syslog_modified,Z4,silent,file,file,file-integrity-extended.yaml:303,silent-no-input,no,no-input-data,"condition is satisfiable on the live `op` axis (file filename/op/comm/directory/extension), but no event in the four audited runs carried a matching value",,,,document-as-needing-environment,,"op eq [write] AND filename prefix [/etc/syslog.conf,/etc/rsyslog.conf,/etc/rsyslog.d/,/etc/syslog-ng/…]",rules/file-integrity-extended.yaml:303,7/item1
impact_fork_bomb_pattern,Z1,silent,syscall,syscall,impact-gaps.yaml:61,structurally-dead,no,condition-truly-doesnt-match,"unsatisfiable `nr` condition: the in-kernel syscall filter forwards only the 22 numbers of config/config.yaml kernel_filter.monitored_syscalls (bpf/syscall.bpf.c:52, syscall_is_monitored); no attack scenario can produce an event for a number outside it; condition requires ['56', '57']",nr,"56,57",,fix-condition,,"syscall.nr in [56,57] AND uid not_in [0]",rules/impact-gaps.yaml:61,7/item1
impact_mass_file_deletion_critical,Z4,silent,file,file,impact-gaps.yaml:33,structurally-dead,no,condition-truly-doesnt-match,"unsatisfiable `op` condition: collector emits only open|read|write|chmod (bpf/common.h FILE_OP_*, internal/collector/fileaccess.go); condition requires ['rmdir', 'unlink']",op,"rmdir,unlink","rmdir,unlink",document-as-structurally-inert,,"file.path prefix [/etc/,/var/log/,/boot/,/lib/modules/…] AND file.op in [unlink,rmdir]",rules/impact-gaps.yaml:33,7/item1
impact_systemd_service_disabled,Z1,silent,syscall,syscall,impact-gaps.yaml:5,silent-no-input,no,no-input-data,"condition is satisfiable on the live `comm` axis (syscall nr (within the in-kernel allowlist)/arg/ret/comm/parent_comm, plus proc.args on execve/execveat), but no event in the four audited runs carried a matching value",,,,document-as-needing-environment,,"proc.comm in [systemctl,service] AND syscall.nr equals [59] AND uid equals [0]",rules/impact-gaps.yaml:5,7/item1
initial_driveby_browser_download_exec,Z1,silent,syscall,syscall,initial-access.yaml:233,condition-changed-since-3.0,yes,no-input-data,"condition is satisfiable on the live `comm` axis (syscall nr (within the in-kernel allowlist)/arg/ret/comm/parent_comm, plus proc.args on execve/execveat), but no event in the four audited runs carried a matching value; condition CHANGED in waves 5-6 (3.0 verdict stale — re-measure on stand)",,,,document-as-needing-environment,,"proc.comm in [bash,sh,zsh,python3…] AND syscall.nr equals [59] AND proc.parent_comm in [chrome,chromium,chromium-browser,google-chrome…]",rules/initial-access.yaml:233,7/item1
initial_email_link_download_exec,Z1,silent,syscall,syscall,initial-access.yaml:265,condition-changed-since-3.0,yes,no-input-data,"condition is satisfiable on the live `comm` axis (syscall nr (within the in-kernel allowlist)/arg/ret/comm/parent_comm, plus proc.args on execve/execveat), but no event in the four audited runs carried a matching value; condition CHANGED in waves 5-6 (3.0 verdict stale — re-measure on stand)",,,,document-as-needing-environment,,"proc.comm in [bash,sh,zsh,python3…] AND syscall.nr equals [59] AND proc.parent_comm in [thunderbird,evolution,mutt,neomutt…]",rules/initial-access.yaml:265,7/item1
initial_java_jndi_ldap,Z2,silent,tcp_connect,tcp_connect,initial-access.yaml:210,silent-no-input,no,no-input-data,"condition is satisfiable on the live `comm` axis (tcp_connect dport/daddr/sport/saddr/family), but no event in the four audited runs carried a matching value",,,,document-as-needing-environment,,"proc.comm in [java,java8,java11,java17…] AND network.dport in [389,636,1389,1636]",rules/initial-access.yaml:210,7/item1
initial_office_macro_exec,Z1,silent,syscall,syscall,initial-access.yaml:49,condition-changed-since-3.0,yes,no-input-data,"condition is satisfiable on the live `comm` axis (syscall nr (within the in-kernel allowlist)/arg/ret/comm/parent_comm, plus proc.args on execve/execveat), but no event in the four audited runs carried a matching value; condition CHANGED in waves 5-6 (3.0 verdict stale — re-measure on stand)",,,,document-as-needing-environment,,"proc.comm in [bash,sh,zsh,python3…] AND syscall.nr equals [59] AND proc.parent_comm in [soffice,soffice.bin,libreoffice,acroread…]",rules/initial-access.yaml:49,7/item1
initial_ssh_login_new_user,Z2,silent,tcp_connect,tcp_connect,initial-access.yaml:189,silent-no-input,no,no-input-data,"condition is satisfiable on the live `dport` axis (tcp_connect dport/daddr/sport/saddr/family), but no event in the four audited runs carried a matching value",,,,document-as-needing-environment,,network.dport equals [22] AND proc.comm equals [sshd],rules/initial-access.yaml:189,7/item1
initial_trusted_api_pivot,Z2,silent,tcp_connect,tcp_connect,initial-access.yaml:295,silent-no-input,no,no-input-data,"condition is satisfiable on the live `comm` axis (tcp_connect dport/daddr/sport/saddr/family), but no event in the four audited runs carried a matching value",,,,document-as-needing-environment,,"proc.comm in [nginx,apache2,httpd,node…] AND network.dport in [6443,8200,8201,5432…]",rules/initial-access.yaml:295,7/item1
initial_vpn_unexpected_access,Z1,silent,syscall,syscall,initial-access.yaml:167,silent-no-input,no,no-input-data,"condition is satisfiable on the live `comm` axis (syscall nr (within the in-kernel allowlist)/arg/ret/comm/parent_comm, plus proc.args on execve/execveat), but no event in the four audited runs carried a matching value",,,,document-as-needing-environment,,"proc.comm in [openvpn,wireguard,wg,tor…] AND syscall.nr equals [59]",rules/initial-access.yaml:167,7/item1
initial_web_shell_write,Z4,silent,file,file,initial-access.yaml:3,silent-no-input,no,no-input-data,"condition is satisfiable on the live `filename` axis (file filename/op/comm/directory/extension), but no event in the four audited runs carried a matching value; carries non-emitted op token(s) ['create'] alongside a live op",,,create,document-as-needing-environment,,"file.path prefix [/var/www/,/srv/www/,/usr/share/nginx/,/opt/tomcat/…] AND file.path suffix [.php,.php5,.phtml,.phar…] AND file.op in [create,write] AND proc.comm not_in [dpkg,rpm,apt,yum…]",rules/initial-access.yaml:3,7/item1
integrity_container_runtime_modified,Z4,silent,file,file,runtime-integrity.yaml:140,silent-no-input,no,no-input-data,"condition is satisfiable on the live `filename` axis (file filename/op/comm/directory/extension), but no event in the four audited runs carried a matching value; carries non-emitted op token(s) ['create', 'rename'] alongside a live op",,,"create,rename",document-as-needing-environment,,"file.path prefix [/usr/bin/containerd,/usr/bin/dockerd,/usr/bin/docker,/usr/bin/runc…] AND file.op in [write,create,rename]",rules/runtime-integrity.yaml:140,7/item1
integrity_grub_bootloader_write,Z4,silent,file,file,runtime-integrity.yaml:170,silent-no-input,no,no-input-data,"condition is satisfiable on the live `filename` axis (file filename/op/comm/directory/extension), but no event in the four audited runs carried a matching value; carries non-emitted op token(s) ['create'] alongside a live op",,,create,document-as-needing-environment,,"file.path prefix [/boot/grub/,/boot/grub2/,/boot/efi/,/etc/grub.d/…] AND file.op in [write,create] AND proc.comm not_in [grub-install,grub2-install,update-grub,grub-mkconfig…]",rules/runtime-integrity.yaml:170,7/item1
integrity_ld_cache_write,Z4,silent,file,file,runtime-integrity.yaml:58,silent-no-input,no,no-input-data,"condition is satisfiable on the live `filename` axis (file filename/op/comm/directory/extension), but no event in the four audited runs carried a matching value; carries non-emitted op token(s) ['create'] alongside a live op",,,create,document-as-needing-environment,,"file.path prefix [/etc/ld.so.conf.d/,/etc/ld.so.conf] AND file.op in [write,create] AND proc.comm not_in [dpkg,rpm,apt,yum…]",rules/runtime-integrity.yaml:58,7/item1
integrity_ld_so_preload_write,Z4,silent,file,file,runtime-integrity.yaml:37,silent-no-input,no,no-input-data,"condition is satisfiable on the live `filename` axis (file filename/op/comm/directory/extension), but no event in the four audited runs carried a matching value; carries non-emitted op token(s) ['create'] alongside a live op",,,create,document-as-needing-environment,,"file.path equals [/etc/ld.so.preload] AND file.op in [write,create]",rules/runtime-integrity.yaml:37,7/item1
integrity_lib_replaced,Z4,silent,file,file,runtime-integrity.yaml:3,silent-no-input,no,no-input-data,"condition is satisfiable on the live `filename` axis (file filename/op/comm/directory/extension), but no event in the four audited runs carried a matching value; carries non-emitted op token(s) ['create', 'rename'] alongside a live op",,,"create,rename",document-as-needing-environment,,"file.path prefix [/lib/,/lib64/,/usr/lib/,/usr/lib64/…] AND file.path suffix [.so,.so.0,.so.1,.so.2…] AND file.op in [write,create,rename] AND proc.comm not_in [dpkg,rpm,apt,yum…]",rules/runtime-integrity.yaml:3,7/item1
integrity_proc_self_exe_exec,Z1,silent,syscall,syscall,runtime-integrity.yaml:201,silent-no-input,no,no-input-data,"condition is satisfiable on the live `nr` axis (syscall nr (within the in-kernel allowlist)/arg/ret/comm/parent_comm, plus proc.args on execve/execveat), but no event in the four audited runs carried a matching value",,,,document-as-needing-environment,,"syscall.nr in [319,279]",rules/runtime-integrity.yaml:201,7/item1
integrity_sysctl_security_disable,Z4,silent,file,file,runtime-integrity.yaml:83,silent-no-input,no,no-input-data,"condition is satisfiable on the live `filename` axis (file filename/op/comm/directory/extension), but no event in the four audited runs carried a matching value",,,,document-as-needing-environment,,"file.path prefix [/proc/sys/kernel/randomize_va_space,/proc/sys/kernel/kptr_restrict,/proc/sys/kernel/dmesg_restrict,/proc/sys/kernel/perf_event_paranoid…] AND file.op in [write] AND proc.comm not_in [sysctl,systemd,ansible,puppet…]",rules/runtime-integrity.yaml:83,7/item1
lateral_netcat_socat_pivot,Z1,silent,syscall,syscall,lateral-movement.yaml:150,silent-no-input,no,no-input-data,"condition is satisfiable on the live `comm` axis (syscall nr (within the in-kernel allowlist)/arg/ret/comm/parent_comm, plus proc.args on execve/execveat), but no event in the four audited runs carried a matching value",,,,document-as-needing-environment,,"proc.comm in [nc,ncat,netcat,socat…] AND syscall.nr equals [59]",rules/lateral-movement.yaml:150,7/item1
lateral_port_forward_ssh,Z2,silent,tcp_connect,tcp_connect,lateral-movement.yaml:45,silent-no-input,no,no-input-data,"condition is satisfiable on the live `comm` axis (tcp_connect dport/daddr/sport/saddr/family), but no event in the four audited runs carried a matching value",,,,document-as-needing-environment,,proc.comm equals [ssh] AND network.dport not_in [22],rules/lateral-movement.yaml:45,7/item1
lateral_rdp_connection,Z2,silent,tcp_connect,tcp_connect,lateral-movement.yaml:88,silent-no-input,no,no-input-data,"condition is satisfiable on the live `dport` axis (tcp_connect dport/daddr/sport/saddr/family), but no event in the four audited runs carried a matching value",,,,document-as-needing-environment,,network.dport equals [3389],rules/lateral-movement.yaml:88,7/item1
lateral_shared_volume_exec,Z4,silent,file,file,lateral-movement.yaml:172,silent-no-input,no,no-input-data,"condition is satisfiable on the live `filename` axis (file filename/op/comm/directory/extension), but no event in the four audited runs carried a matching value; carries non-emitted op token(s) ['create'] alongside a live op",,,create,document-as-needing-environment,,"file.path prefix [/data/,/shared/,/mnt/,/srv/] AND file.path suffix [.sh,.py,.pl,.rb…] AND file.op in [create,write] AND uid equals [0]",rules/lateral-movement.yaml:172,7/item1
lateral_ssh_agent_socket_access,Z4,silent,file,file,lateral-movement.yaml:125,silent-no-input,no,no-input-data,"condition is satisfiable on the live `filename` axis (file filename/op/comm/directory/extension), but no event in the four audited runs carried a matching value; carries non-emitted op token(s) ['connect'] alongside a live op",,,connect,document-as-needing-environment,,"file.path prefix [/tmp/ssh-] AND file.op in [open,connect] AND proc.comm not_in [ssh,scp,sftp,git…]",rules/lateral-movement.yaml:125,7/item1
lateral_ssh_from_container,Z1,silent,syscall,syscall,lateral-movement.yaml:3,silent-no-input,no,no-input-data,"condition is satisfiable on the live `comm` axis (syscall nr (within the in-kernel allowlist)/arg/ret/comm/parent_comm, plus proc.args on execve/execveat), but no event in the four audited runs carried a matching value",,,,document-as-needing-environment,,"proc.comm in [ssh,sshpass,autossh,plink…] AND syscall.nr equals [59]",rules/lateral-movement.yaml:3,7/item1
lateral_ssh_keygen_new_key,Z1,silent,syscall,syscall,lateral-movement.yaml:24,silent-no-input,no,no-input-data,"condition is satisfiable on the live `comm` axis (syscall nr (within the in-kernel allowlist)/arg/ret/comm/parent_comm, plus proc.args on execve/execveat), but no event in the four audited runs carried a matching value",,,,document-as-needing-environment,,proc.comm equals [ssh-keygen] AND syscall.nr equals [59],rules/lateral-movement.yaml:24,7/item1
lolbin_apt_pre_invoke,Z1,silent,syscall,syscall,living-off-the-land.yaml:119,silent-no-input,no,no-input-data,"condition is satisfiable on the live `proc.args` axis (syscall nr (within the in-kernel allowlist)/arg/ret/comm/parent_comm, plus proc.args on execve/execveat), but no event in the four audited runs carried a matching value",,,,document-as-needing-environment,,"proc.args regex [apt.*Pre-Invoke.*sh,apt.*Post-Invoke.*sh,apt.*-o.*Pre-Invoke,apt-get.*-o.*APT::Update]",rules/living-off-the-land.yaml:119,7/item1
lolbin_bash_dev_tcp,Z1,silent,syscall,syscall,living-off-the-land.yaml:445,silent-no-input,no,no-input-data,"condition is satisfiable on the live `proc.args` axis (syscall nr (within the in-kernel allowlist)/arg/ret/comm/parent_comm, plus proc.args on execve/execveat), but no event in the four audited runs carried a matching value",,,,document-as-needing-environment,,"proc.args regex [bash.*dev/tcp/,bash.*\$\{.*dev/tcp,exec.*>/dev/tcp/,0</dev/tcp/]",rules/living-off-the-land.yaml:445,7/item1
lolbin_bash_dev_udp,Z1,silent,syscall,syscall,living-off-the-land.yaml:461,silent-no-input,no,no-input-data,"condition is satisfiable on the live `proc.args` axis (syscall nr (within the in-kernel allowlist)/arg/ret/comm/parent_comm, plus proc.args on execve/execveat), but no event in the four audited runs carried a matching value",,,,document-as-needing-environment,,"proc.args regex [bash.*dev/udp/,exec.*>/dev/udp/,0</dev/udp/]",rules/living-off-the-land.yaml:461,7/item1
lolbin_bash_interactive_shell,Z1,silent,syscall,syscall,living-off-the-land.yaml:550,silent-no-input,no,no-input-data,"condition is satisfiable on the live `proc.args` axis (syscall nr (within the in-kernel allowlist)/arg/ret/comm/parent_comm, plus proc.args on execve/execveat), but no event in the four audited runs carried a matching value",,,,document-as-needing-environment,,"proc.args regex [bash\s+-i\b,bash\s+--interactive\b,/bin/bash\s+-i\b,/usr/bin/bash\s+-i\b]",rules/living-off-the-land.yaml:550,7/item1
lolbin_busybox_shell,Z4,silent,file,file,living-off-the-land.yaml:90,silent-no-input,no,no-input-data,"condition is satisfiable on the live `filename` axis (file filename/op/comm/directory/extension), but no event in the four audited runs carried a matching value",,,,document-as-needing-environment,,"filename regex [.*/busybox$,/bin/busybox,/usr/bin/busybox]",rules/living-off-the-land.yaml:90,7/item1
lolbin_curl_data_exfil,Z1,silent,syscall,syscall,living-off-the-land.yaml:410,silent-no-input,no,no-input-data,"condition is satisfiable on the live `proc.args` axis (syscall nr (within the in-kernel allowlist)/arg/ret/comm/parent_comm, plus proc.args on execve/execveat), but no event in the four audited runs carried a matching value",,,,document-as-needing-environment,,"proc.args regex [curl.*--data.*@/,curl.*-d.*@/etc/,curl.*-F.*@/root/,curl.*--data-binary.*@/]",rules/living-off-the-land.yaml:410,7/item1
lolbin_dpkg_exec,Z1,silent,syscall,syscall,living-off-the-land.yaml:105,silent-no-input,no,no-input-data,"condition is satisfiable on the live `proc.args` axis (syscall nr (within the in-kernel allowlist)/arg/ret/comm/parent_comm, plus proc.args on execve/execveat), but no event in the four audited runs carried a matching value",,,,document-as-needing-environment,,"proc.args regex [dpkg.*--force-script,dpkg-deb.*--build.*--exec]",rules/living-off-the-land.yaml:105,7/item1
lolbin_find_sensitive_recon,Z1,silent,syscall,syscall,living-off-the-land.yaml:573,silent-no-input,no,no-input-data,"condition is satisfiable on the live `proc.args` axis (syscall nr (within the in-kernel allowlist)/arg/ret/comm/parent_comm, plus proc.args on execve/execveat), but no event in the four audited runs carried a matching value",,,,document-as-needing-environment,,"proc.args regex [find.*-name.*\.key,find.*-name.*\.pem,find.*-name.*\.p12,find.*-name.*\.pfx…]",rules/living-off-the-land.yaml:573,7/item1
lolbin_gdb_exec,Z1,silent,syscall,syscall,living-off-the-land.yaml:57,silent-no-input,no,no-input-data,"condition is satisfiable on the live `proc.args` axis (syscall nr (within the in-kernel allowlist)/arg/ret/comm/parent_comm, plus proc.args on execve/execveat), but no event in the four audited runs carried a matching value",,,,document-as-needing-environment,,"proc.args regex [gdb.*--batch.*--ex.*call system,gdb.*-batch.*-ex.*call,gdb.*-ex.*call system,gdb.*--eval-command]",rules/living-off-the-land.yaml:57,7/item1
lolbin_git_clone_to_tmp,Z1,silent,syscall,syscall,living-off-the-land.yaml:326,silent-no-input,no,no-input-data,"condition is satisfiable on the live `proc.args` axis (syscall nr (within the in-kernel allowlist)/arg/ret/comm/parent_comm, plus proc.args on execve/execveat), but no event in the four audited runs carried a matching value",,,,document-as-needing-environment,,"proc.args regex [git clone.*/tmp/,git clone.*/dev/shm/,git clone.*/var/tmp/]",rules/living-off-the-land.yaml:326,7/item1
lolbin_ld_audit_set,Z1,silent,syscall,syscall,living-off-the-land.yaml:376,silent-no-input,no,no-input-data,"condition is satisfiable on the live `proc.args` axis (syscall nr (within the in-kernel allowlist)/arg/ret/comm/parent_comm, plus proc.args on execve/execveat), but no event in the four audited runs carried a matching value",,,,document-as-needing-environment,,"proc.args regex [LD_AUDIT=.*\.so,export LD_AUDIT=]",rules/living-off-the-land.yaml:376,7/item1
lolbin_less_exec,Z1,silent,syscall,syscall,living-off-the-land.yaml:168,silent-no-input,no,no-input-data,"condition is satisfiable on the live `proc.args` axis (syscall nr (within the in-kernel allowlist)/arg/ret/comm/parent_comm, plus proc.args on execve/execveat), but no event in the four audited runs carried a matching value",,,,document-as-needing-environment,,"proc.args regex [less.*-e.*sh,less.*VISUAL.*sh,less.*LESSSECURE]",rules/living-off-the-land.yaml:168,7/item1
lolbin_lua_exec,Z1,silent,syscall,syscall,living-off-the-land.yaml:216,silent-no-input,no,no-input-data,"condition is satisfiable on the live `proc.args` axis (syscall nr (within the in-kernel allowlist)/arg/ret/comm/parent_comm, plus proc.args on execve/execveat), but no event in the four audited runs carried a matching value",,,,document-as-needing-environment,,"proc.args regex [lua.*os\.execute,lua.*io\.popen,lua -e.*os\.execute]",rules/living-off-the-land.yaml:216,7/item1
lolbin_make_exec,Z1,silent,syscall,syscall,living-off-the-land.yaml:135,silent-no-input,no,no-input-data,"condition is satisfiable on the live `proc.args` axis (syscall nr (within the in-kernel allowlist)/arg/ret/comm/parent_comm, plus proc.args on execve/execveat), but no event in the four audited runs carried a matching value",,,,document-as-needing-environment,,"proc.args regex [make.*--eval.*run,make.*MAKEFLAGS.*-n,make.*-C /tmp,make.*-C /dev/shm]",rules/living-off-the-land.yaml:135,7/item1
lolbin_nmap_script_exec,Z1,silent,syscall,syscall,living-off-the-land.yaml:27,silent-no-input,no,no-input-data,"condition is satisfiable on the live `proc.args` axis (syscall nr (within the in-kernel allowlist)/arg/ret/comm/parent_comm, plus proc.args on execve/execveat), but no event in the four audited runs carried a matching value",,,,document-as-needing-environment,,"proc.args regex [nmap.*--script.*exec,nmap.*--script.*shell,nmap.*-e.*,nmap.*--script-args.*cmd]",rules/living-off-the-land.yaml:27,7/item1
lolbin_node_exec,Z1,silent,syscall,syscall,living-off-the-land.yaml:231,silent-no-input,no,no-input-data,"condition is satisfiable on the live `proc.args` axis (syscall nr (within the in-kernel allowlist)/arg/ret/comm/parent_comm, plus proc.args on execve/execveat), but no event in the four audited runs carried a matching value",,,,document-as-needing-environment,,"proc.args regex [node.*child_process.*exec,node.*require.*child_process,node -e.*spawn.*sh,nodejs -e.*exec]",rules/living-off-the-land.yaml:231,7/item1
lolbin_path_hijack_indicator,Z1,silent,syscall,syscall,living-off-the-land.yaml:360,silent-no-input,no,no-input-data,"condition is satisfiable on the live `proc.args` axis (syscall nr (within the in-kernel allowlist)/arg/ret/comm/parent_comm, plus proc.args on execve/execveat), but no event in the four audited runs carried a matching value",,,,document-as-needing-environment,,"proc.args regex [PATH=/tmp:,PATH=/dev/shm:,PATH=/var/tmp:,export PATH=/tmp]",rules/living-off-the-land.yaml:360,7/item1
lolbin_perl_socket_shell,Z1,silent,syscall,syscall,living-off-the-land.yaml:492,silent-no-input,no,no-input-data,"condition is satisfiable on the live `proc.args` axis (syscall nr (within the in-kernel allowlist)/arg/ret/comm/parent_comm, plus proc.args on execve/execveat), but no event in the four audited runs carried a matching value",,,,document-as-needing-environment,,"proc.args regex [perl.*socket.*SOCK_STREAM.*exec.*sh,perl.*IO::Socket.*exec.*sh,perl.*use POSIX.*dup2.*exec.*sh]",rules/living-off-the-land.yaml:492,7/item1
lolbin_php_exec_oneliner,Z1,silent,syscall,syscall,living-off-the-land.yaml:247,silent-no-input,no,no-input-data,"condition is satisfiable on the live `proc.args` axis (syscall nr (within the in-kernel allowlist)/arg/ret/comm/parent_comm, plus proc.args on execve/execveat), but no event in the four audited runs carried a matching value",,,,document-as-needing-environment,,"proc.args regex [php -r.*system\(,php -r.*exec\(,php -r.*shell_exec\(,php -r.*passthru\(…]",rules/living-off-the-land.yaml:247,7/item1
lolbin_pip_download_to_tmp,Z1,silent,syscall,syscall,living-off-the-land.yaml:341,silent-no-input,no,no-input-data,"condition is satisfiable on the live `proc.args` axis (syscall nr (within the in-kernel allowlist)/arg/ret/comm/parent_comm, plus proc.args on execve/execveat), but no event in the four audited runs carried a matching value",,,,document-as-needing-environment,,"proc.args regex [pip.*download.*/tmp/,pip.*download.*/dev/shm/,pip3.*download.*/tmp/]",rules/living-off-the-land.yaml:341,7/item1
lolbin_python_socket_shell,Z1,silent,syscall,syscall,living-off-the-land.yaml:476,silent-no-input,no,no-input-data,"condition is satisfiable on the live `proc.args` axis (syscall nr (within the in-kernel allowlist)/arg/ret/comm/parent_comm, plus proc.args on execve/execveat), but no event in the four audited runs carried a matching value",,,,document-as-needing-environment,,"proc.args regex [python.*import socket.*os.*dup2,python.*socket\.connect.*dup2,python.*\bos\.dup2\(s\.fileno,python.*\bsubprocess\.call.*\[.*sh]",rules/living-off-the-land.yaml:476,7/item1
lolbin_rsync_staging,Z1,silent,syscall,syscall,living-off-the-land.yaml:298,silent-no-input,no,no-input-data,"condition is satisfiable on the live `proc.args` axis (syscall nr (within the in-kernel allowlist)/arg/ret/comm/parent_comm, plus proc.args on execve/execveat), but no event in the four audited runs carried a matching value",,,,document-as-needing-environment,,"proc.args regex [rsync.*[a-z]+@[^:]+:.*/tmp/,rsync.*[a-z]+@[^:]+:.*/dev/shm/]",rules/living-off-the-land.yaml:298,7/item1
lolbin_ruby_socket_shell,Z1,silent,syscall,syscall,living-off-the-land.yaml:507,silent-no-input,no,no-input-data,"condition is satisfiable on the live `proc.args` axis (syscall nr (within the in-kernel allowlist)/arg/ret/comm/parent_comm, plus proc.args on execve/execveat), but no event in the four audited runs carried a matching value",,,,document-as-needing-environment,,"proc.args regex [ruby.*TCPSocket.*exec.*sh,ruby.*Socket.*new.*exec,ruby.*require.*socket.*spawn.*sh]",rules/living-off-the-land.yaml:507,7/item1
lolbin_scp_download_to_tmp,Z1,silent,syscall,syscall,living-off-the-land.yaml:283,silent-no-input,no,no-input-data,"condition is satisfiable on the live `proc.args` axis (syscall nr (within the in-kernel allowlist)/arg/ret/comm/parent_comm, plus proc.args on execve/execveat), but no event in the four audited runs carried a matching value",,,,document-as-needing-environment,,"proc.args regex [scp.*:/tmp/,scp.*:/dev/shm/,scp.*:/var/tmp/]",rules/living-off-the-land.yaml:283,7/item1
lolbin_sftp_staging,Z1,silent,syscall,syscall,living-off-the-land.yaml:312,silent-no-input,no,no-input-data,"condition is satisfiable on the live `proc.args` axis (syscall nr (within the in-kernel allowlist)/arg/ret/comm/parent_comm, plus proc.args on execve/execveat), but no event in the four audited runs carried a matching value",,,,document-as-needing-environment,,"proc.args regex [sftp.*-b.*get ,sftp.*-b.*put.*\.sh]",rules/living-off-the-land.yaml:312,7/item1
lolbin_socat_shell,Z1,silent,syscall,syscall,living-off-the-land.yaml:10,silent-no-input,no,no-input-data,"condition is satisfiable on the live `proc.args` axis (syscall nr (within the in-kernel allowlist)/arg/ret/comm/parent_comm, plus proc.args on execve/execveat), but no event in the four audited runs carried a matching value",,,,document-as-needing-environment,,"proc.args regex [socat.*EXEC.*sh,socat.*EXEC.*bash,socat.*TCP.*EXEC,socat.*PTY.*EXEC…]",rules/living-off-the-land.yaml:10,7/item1
lolbin_strace_exec,Z4,silent,file,file,living-off-the-land.yaml:43,silent-no-input,no,no-input-data,"condition is satisfiable on the live `filename` axis (file filename/op/comm/directory/extension), but no event in the four audited runs carried a matching value",,,,document-as-needing-environment,,"filename in [/usr/bin/strace,/bin/strace]",rules/living-off-the-land.yaml:43,7/item1
lolbin_tar_exec,Z1,silent,syscall,syscall,living-off-the-land.yaml:183,silent-no-input,no,no-input-data,"condition is satisfiable on the live `proc.args` axis (syscall nr (within the in-kernel allowlist)/arg/ret/comm/parent_comm, plus proc.args on execve/execveat), but no event in the four audited runs carried a matching value",,,,document-as-needing-environment,,"proc.args regex [tar.*--to-command.*sh,tar.*--checkpoint-action=exec,tar.*--to-command=/bin/sh]",rules/living-off-the-land.yaml:183,7/item1
lolbin_tclsh_exec,Z1,silent,syscall,syscall,living-off-the-land.yaml:73,silent-no-input,no,no-input-data,"condition is satisfiable on the live `proc.args` axis (syscall nr (within the in-kernel allowlist)/arg/ret/comm/parent_comm, plus proc.args on execve/execveat), but no event in the four audited runs carried a matching value",,,,document-as-needing-environment,,"proc.args regex [tclsh.*exec\s+sh,tclsh.*exec\s+bash,expect.*spawn.*sh,expect.*spawn.*bash…]",rules/living-off-the-land.yaml:73,7/item1
lolbin_tcpdump_write,Z1,silent,syscall,syscall,living-off-the-land.yaml:264,silent-no-input,no,no-input-data,"condition is satisfiable on the live `proc.args` axis (syscall nr (within the in-kernel allowlist)/arg/ret/comm/parent_comm, plus proc.args on execve/execveat), but no event in the four audited runs carried a matching value",,,,document-as-needing-environment,,"proc.args regex [tcpdump.*-w /tmp/,tcpdump.*-w /dev/shm/,tcpdump.*-w /var/tmp/]",rules/living-off-the-land.yaml:264,7/item1
lolbin_vim_exec,Z1,silent,syscall,syscall,living-off-the-land.yaml:151,silent-no-input,no,no-input-data,"condition is satisfiable on the live `proc.args` axis (syscall nr (within the in-kernel allowlist)/arg/ret/comm/parent_comm, plus proc.args on execve/execveat), but no event in the four audited runs carried a matching value",,,,document-as-needing-environment,,"proc.args regex [vim.*-c.*:!.*sh,vim.*-c.*:!/bin/sh,ex.*-c.*:!.*sh,vim.*-c.*:set.*shell…]",rules/living-off-the-land.yaml:151,7/item1
lolbin_wget_download_tmp,Z1,silent,syscall,syscall,living-off-the-land.yaml:526,silent-no-input,no,no-input-data,"condition is satisfiable on the live `proc.args` axis (syscall nr (within the in-kernel allowlist)/arg/ret/comm/parent_comm, plus proc.args on execve/execveat), but no event in the four audited runs carried a matching value",,,,document-as-needing-environment,,"proc.args regex [wget.*-O\s*/tmp/,wget.*-O\s*/dev/shm/,wget.*-O\s*/var/tmp/,wget.*--output-document[= ]/tmp/…]",rules/living-off-the-land.yaml:526,7/item1
lolbin_wget_post_exfil,Z1,silent,syscall,syscall,living-off-the-land.yaml:426,silent-no-input,no,no-input-data,"condition is satisfiable on the live `proc.args` axis (syscall nr (within the in-kernel allowlist)/arg/ret/comm/parent_comm, plus proc.args on execve/execveat), but no event in the four audited runs carried a matching value",,,,document-as-needing-environment,,"proc.args regex [wget.*--post-file=/,wget.*--post-file=/etc/,wget.*--post-file=/root/]",rules/living-off-the-land.yaml:426,7/item1
lolbin_zip_exec,Z1,silent,syscall,syscall,living-off-the-land.yaml:198,silent-no-input,no,no-input-data,"condition is satisfiable on the live `proc.args` axis (syscall nr (within the in-kernel allowlist)/arg/ret/comm/parent_comm, plus proc.args on execve/execveat), but no event in the four audited runs carried a matching value",,,,document-as-needing-environment,,"proc.args regex [zip.*-T.*--unzip-command,unzip.*-p.*\|.*sh]",rules/living-off-the-land.yaml:198,7/item1
mitre_at_job_scheduled,Z4,silent,file,file,mitre-additional.yaml:647,silent-no-input,no,no-input-data,"condition is satisfiable on the live `filename` axis (file filename/op/comm/directory/extension), but no event in the four audited runs carried a matching value",,,,document-as-needing-environment,,"filename in [/usr/bin/at,/usr/bin/atrm,/usr/bin/atq,/var/spool/at]",rules/mitre-additional.yaml:647,7/item1
mitre_dbus_config_modified,Z4,silent,file,file,mitre-additional.yaml:110,silent-no-input,no,no-input-data,"condition is satisfiable on the live `filename` axis (file filename/op/comm/directory/extension), but no event in the four audited runs carried a matching value",,,,document-as-needing-environment,,"filename prefix [/etc/dbus-1/system.d/,/usr/share/dbus-1/system.d/]",rules/mitre-additional.yaml:110,7/item1
mitre_keytab_file_read,Z4,silent,file,file,mitre-additional.yaml:496,silent-no-input,no,no-input-data,"condition is satisfiable on the live `filename` axis (file filename/op/comm/directory/extension), but no event in the four audited runs carried a matching value",,,,document-as-needing-environment,,"filename regex [.*\.keytab$,/etc/krb5\.keytab,/etc/krb5/krb5\.keytab,/var/kerberos/krb5/.*\.keytab$]",rules/mitre-additional.yaml:496,7/item1
mitre_krb5_ccache_read,Z4,silent,file,file,mitre-additional.yaml:512,silent-no-input,no,no-input-data,"condition is satisfiable on the live `filename` axis (file filename/op/comm/directory/extension), but no event in the four audited runs carried a matching value",,,,document-as-needing-environment,,"filename regex [/tmp/krb5cc_[0-9]+,/tmp/krb5cc_.*,/run/user/[0-9]+/krb5cc]",rules/mitre-additional.yaml:512,7/item1
mitre_masq_double_extension,Z4,silent,file,file,mitre-additional.yaml:92,silent-no-input,no,no-input-data,"condition is satisfiable on the live `filename` axis (file filename/op/comm/directory/extension), but no event in the four audited runs carried a matching value",,,,document-as-needing-environment,,"filename regex [.*\.(pdf|doc|docx|xls|xlsx|jpg|png|gif)\.(sh|py|pl|rb|exe|elf|bin)$,.*\.(sh|py|pl|rb)\.pdf$]",rules/mitre-additional.yaml:92,7/item1
mitre_masq_legitimate_name_in_tmp,Z4,silent,file,file,mitre-additional.yaml:78,silent-no-input,no,no-input-data,"condition is satisfiable on the live `filename` axis (file filename/op/comm/directory/extension), but no event in the four audited runs carried a matching value",,,,document-as-needing-environment,,"filename regex [/tmp/(sshd|nginx|apache2|httpd|java|python|node|bash|sh|ls|ps|curl|wget)$,/dev/shm/(sshd|nginx|apache2|httpd|java|python|node|bash|sh|ls|ps)$]",rules/mitre-additional.yaml:78,7/item1
mitre_newuidmap_newgidmap,Z4,silent,file,file,mitre-additional.yaml:196,silent-no-input,no,no-input-data,"condition is satisfiable on the live `filename` axis (file filename/op/comm/directory/extension), but no event in the four audited runs carried a matching value",,,,document-as-needing-environment,,"filename in [/usr/bin/newuidmap,/usr/bin/newgidmap,/bin/newuidmap,/bin/newgidmap]",rules/mitre-additional.yaml:196,7/item1
mitre_ngrok_tunnel,Z4,silent,file,file,mitre-additional.yaml:143,silent-no-input,no,no-input-data,"condition is satisfiable on the live `filename` axis (file filename/op/comm/directory/extension), but no event in the four audited runs carried a matching value",,,,document-as-needing-environment,,"filename regex [.*/ngrok$,.*/frp[cs]$,.*/chisel$,.*/ligolo$…]",rules/mitre-additional.yaml:143,7/item1
mitre_obfusc_base64_payload_large,Z1,silent,syscall,syscall,mitre-additional.yaml:10,silent-no-input,no,no-input-data,"condition is satisfiable on the live `proc.args` axis (syscall nr (within the in-kernel allowlist)/arg/ret/comm/parent_comm, plus proc.args on execve/execveat), but no event in the four audited runs carried a matching value",,,,document-as-needing-environment,,"proc.args regex [echo [A-Za-z0-9+/]{100,}={0,2}\s*\|,printf [A-Za-z0-9+/]{100,}={0,2}\s*\|]",rules/mitre-additional.yaml:10,7/item1
mitre_obfusc_char_concatenation,Z1,silent,syscall,syscall,mitre-additional.yaml:58,silent-no-input,no,no-input-data,"condition is satisfiable on the live `proc.args` axis (syscall nr (within the in-kernel allowlist)/arg/ret/comm/parent_comm, plus proc.args on execve/execveat), but no event in the four audited runs carried a matching value",,,,document-as-needing-environment,,"proc.args regex [\$\([[:space:]]*echo[[:space:]]+.*\$IFS.*\),eval.*\$\(.*tr.*\),\{echo,.*\},\$\{IFS\}]",rules/mitre-additional.yaml:58,7/item1
mitre_obfusc_gzip_payload,Z1,silent,syscall,syscall,mitre-additional.yaml:40,silent-no-input,no,no-input-data,"condition is satisfiable on the live `proc.args` axis (syscall nr (within the in-kernel allowlist)/arg/ret/comm/parent_comm, plus proc.args on execve/execveat), but no event in the four audited runs carried a matching value",,,,document-as-needing-environment,,"proc.args regex [echo.*\|.*base64.*\|.*gzip,echo.*\|.*base64.*\|.*gunzip,gzip.*\|.*base64.*\|.*sh,zcat.*\|.*sh…]",rules/mitre-additional.yaml:40,7/item1
mitre_obfusc_hex_encoded_exec,Z1,silent,syscall,syscall,mitre-additional.yaml:24,silent-no-input,no,no-input-data,"condition is satisfiable on the live `proc.args` axis (syscall nr (within the in-kernel allowlist)/arg/ret/comm/parent_comm, plus proc.args on execve/execveat), but no event in the four audited runs carried a matching value",,,,document-as-needing-environment,,"proc.args regex [xxd.*\|.*sh,xxd -r.*\|,printf.*\\x[0-9a-f]{2}.*\|.*sh,\$'\\x[0-9a-f][0-9a-f]]",rules/mitre-additional.yaml:24,7/item1
mitre_sandbox_detect_cpuid,Z1,silent,syscall,syscall,mitre-additional.yaml:351,structurally-dead,yes,condition-truly-doesnt-match,"unsatisfiable `nr` condition: the in-kernel syscall filter forwards only the 22 numbers of config/config.yaml kernel_filter.monitored_syscalls (bpf/syscall.bpf.c:52, syscall_is_monitored); no attack scenario can produce an event for a number outside it; condition requires ['135']",nr,135,,fix-condition,,"nr in [135] AND arg0 in [4113,4114]",rules/mitre-additional.yaml:351,7/item1
mitre_software_enum_dpkg,Z4,silent,file,file,mitre-additional.yaml:422,silent-no-input,no,no-input-data,"condition is satisfiable on the live `filename` axis (file filename/op/comm/directory/extension), but no event in the four audited runs carried a matching value",,,,document-as-needing-environment,,"filename in [/var/lib/dpkg/status,/var/lib/rpm/Packages,/var/lib/rpm/rpmdb.sqlite]",rules/mitre-additional.yaml:422,7/item1
mitre_software_enum_security_tools,Z4,silent,file,file,mitre-additional.yaml:437,silent-no-input,no,no-input-data,"condition is satisfiable on the live `filename` axis (file filename/op/comm/directory/extension), but no event in the four audited runs carried a matching value",,,,document-as-needing-environment,,"filename prefix [/etc/falco/,/etc/osquery/,/opt/splunk/,/opt/elastic/…]",rules/mitre-additional.yaml:437,7/item1
mitre_ssh_agent_forward_abuse,Z4,silent,file,file,mitre-additional.yaml:617,silent-no-input,no,no-input-data,"condition is satisfiable on the live `filename` axis (file filename/op/comm/directory/extension), but no event in the four audited runs carried a matching value",,,,document-as-needing-environment,,"filename regex [/tmp/ssh-[A-Za-z0-9]+/agent\.[0-9]+,/run/user/[0-9]+/ssh-[A-Za-z0-9]+/agent\.[0-9]+]",rules/mitre-additional.yaml:617,7/item1
mitre_sslstrip_proxy,Z4,silent,file,file,mitre-additional.yaml:479,silent-no-input,no,no-input-data,"condition is satisfiable on the live `filename` axis (file filename/op/comm/directory/extension), but no event in the four audited runs carried a matching value",,,,document-as-needing-environment,,filename regex [.*(sslstrip|mitmproxy|bettercap|ettercap|arpspoof)$],rules/mitre-additional.yaml:479,7/item1
mitre_systemd_transient_timer,Z1,silent,syscall,syscall,mitre-additional.yaml:663,silent-no-input,no,no-input-data,"condition is satisfiable on the live `proc.args` axis (syscall nr (within the in-kernel allowlist)/arg/ret/comm/parent_comm, plus proc.args on execve/execveat), but no event in the four audited runs carried a matching value",,,,document-as-needing-environment,,"proc.args regex [systemd-run.*--on-active,systemd-run.*--on-calendar,systemd-run.*--timer,systemd-run.*--on-boot]",rules/mitre-additional.yaml:663,7/item1
mitre_token_impersonation_su,Z4,silent,file,file,mitre-additional.yaml:182,silent-no-input,no,no-input-data,"condition is satisfiable on the live `filename` axis (file filename/op/comm/directory/extension), but no event in the four audited runs carried a matching value",,,,document-as-needing-environment,,"filename in [/bin/su,/usr/bin/su]",rules/mitre-additional.yaml:182,7/item1
mitre_vm_detect_dmi_read,Z4,silent,file,file,mitre-additional.yaml:373,silent-no-input,no,no-input-data,"condition is satisfiable on the live `filename` axis (file filename/op/comm/directory/extension), but no event in the four audited runs carried a matching value",,,,document-as-needing-environment,,"filename prefix [/sys/class/dmi/id/,/sys/firmware/dmi/]",rules/mitre-additional.yaml:373,7/item1
mitre_vpn_service_started,Z1,silent,syscall,syscall,mitre-additional.yaml:128,silent-no-input,no,no-input-data,"condition is satisfiable on the live `proc.args` axis (syscall nr (within the in-kernel allowlist)/arg/ret/comm/parent_comm, plus proc.args on execve/execveat), but no event in the four audited runs carried a matching value",,,,document-as-needing-environment,,"proc.args regex [openvpn.*--config,wg-quick up,wg set.*peer]",rules/mitre-additional.yaml:128,7/item1
mitre_winrm_port_connection,Z2,silent,tcp_connect,tcp_connect,mitre-additional.yaml:631,silent-no-input,no,no-input-data,"condition is satisfiable on the live `dport` axis (tcp_connect dport/daddr/sport/saddr/family), but no event in the four audited runs carried a matching value",,,,document-as-needing-environment,,"dport in [5985,5986]",rules/mitre-additional.yaml:631,7/item1
net_long_c2_connection,Z3,silent,net_close,net_close,network-anomaly.yaml:5,silent-no-input,no,no-input-data,"condition is satisfiable on the live `dport` axis (net_close duration_sec/dport), but no event in the four audited runs carried a matching value",,,,document-as-needing-environment,,"dport in [4444,1337,31337,8888…] AND duration_sec gt [300]",rules/network-anomaly.yaml:5,7/item1
net_long_https_connection,Z3,silent,net_close,net_close,network-anomaly.yaml:57,silent-no-input,no,no-input-data,"condition is satisfiable on the live `dport` axis (net_close duration_sec/dport), but no event in the four audited runs carried a matching value",,,,document-as-needing-environment,,dport equals [443] AND duration_sec gt [3600],rules/network-anomaly.yaml:57,7/item1
net_long_plaintext_http,Z3,silent,net_close,net_close,network-anomaly.yaml:35,silent-no-input,no,no-input-data,"condition is satisfiable on the live `dport` axis (net_close duration_sec/dport), but no event in the four audited runs carried a matching value",,,,document-as-needing-environment,,dport equals [80] AND duration_sec gt [300],rules/network-anomaly.yaml:35,7/item1
net_long_ssh_session,Z3,silent,net_close,net_close,network-anomaly.yaml:267,silent-no-input,no,no-input-data,"condition is satisfiable on the live `dport` axis (net_close duration_sec/dport), but no event in the four audited runs carried a matching value",,,,document-as-needing-environment,,dport equals [22] AND duration_sec gt [259200],rules/network-anomaly.yaml:267,7/item1
netintr_brute_ratel_port,Z2,silent,tcp_connect,tcp_connect,network-intrusion.yaml:374,silent-no-input,no,no-input-data,"condition is satisfiable on the live `dport` axis (tcp_connect dport/daddr/sport/saddr/family), but no event in the four audited runs carried a matching value",,,,document-as-needing-environment,,"dport in [53311,8443]",rules/network-intrusion.yaml:374,7/item1
netintr_cobalt_strike_default_port,Z2,silent,tcp_connect,tcp_connect,network-intrusion.yaml:350,silent-no-input,no,no-input-data,"condition is satisfiable on the live `dport` axis (tcp_connect dport/daddr/sport/saddr/family), but no event in the four audited runs carried a matching value",,,,document-as-needing-environment,,dport in [50050],rules/network-intrusion.yaml:350,7/item1
netintr_connection_to_multicast,Z2,silent,tcp_connect,tcp_connect,network-intrusion.yaml:469,silent-no-input,no,no-input-data,"condition is satisfiable on the live `daddr` axis (tcp_connect dport/daddr/sport/saddr/family), but no event in the four audited runs carried a matching value",,,,document-as-needing-environment,,daddr in_cidr [224.0.0.0/4],rules/network-intrusion.yaml:469,7/item1
netintr_covenant_default_port,Z2,silent,tcp_connect,tcp_connect,network-intrusion.yaml:362,silent-no-input,no,no-input-data,"condition is satisfiable on the live `dport` axis (tcp_connect dport/daddr/sport/saddr/family), but no event in the four audited runs carried a matching value",,,,document-as-needing-environment,,dport in [7443],rules/network-intrusion.yaml:362,7/item1
netintr_ftp_data_exfil,Z2,silent,tcp_connect,tcp_connect,network-intrusion.yaml:270,silent-no-input,no,no-input-data,"condition is satisfiable on the live `dport` axis (tcp_connect dport/daddr/sport/saddr/family), but no event in the four audited runs carried a matching value",,,,document-as-needing-environment,,"dport in [20,21]",rules/network-intrusion.yaml:270,7/item1
netintr_gre_tunnel,Z2,silent,tcp_connect,tcp_connect,network-intrusion.yaml:334,structurally-dead,no,condition-truly-doesnt-match,"unsatisfiable `proto` condition: every tcp_connect event is emitted with proto=6 (IPPROTO_TCP) (bpf/network.bpf.c:124,136,226,241); no UDP/ICMP/GRE event type is produced; condition requires ['47']",proto,47,,document-as-structurally-inert,,proto in [47],rules/network-intrusion.yaml:334,7/item1
netintr_high_port_established,Z2,silent,tcp_connect,tcp_connect,network-intrusion.yaml:46,silent-no-input,no,no-input-data,"condition is satisfiable on the live `dport` axis (tcp_connect dport/daddr/sport/saddr/family), but no event in the four audited runs carried a matching value",,,,document-as-needing-environment,,dport gt [49152],rules/network-intrusion.yaml:46,7/item1
netintr_icmp_outbound_large,Z2,silent,tcp_connect,tcp_connect,network-intrusion.yaml:209,structurally-dead,no,condition-truly-doesnt-match,"unsatisfiable `proto` condition: every tcp_connect event is emitted with proto=6 (IPPROTO_TCP) (bpf/network.bpf.c:124,136,226,241); no UDP/ICMP/GRE event type is produced; condition requires ['1']",proto,1,,document-as-structurally-inert,,proto in [1],rules/network-intrusion.yaml:209,7/item1
netintr_nmap_fingerprint_ports,Z2,silent,tcp_connect,tcp_connect,network-intrusion.yaml:85,silent-no-input,no,no-input-data,"condition is satisfiable on the live `dport` axis (tcp_connect dport/daddr/sport/saddr/family), but no event in the four audited runs carried a matching value",,,,document-as-needing-environment,,"dport in [7,9,13,17…]",rules/network-intrusion.yaml:85,7/item1
netintr_outbound_smb,Z2,silent,tcp_connect,tcp_connect,network-intrusion.yaml:97,silent-no-input,no,no-input-data,"condition is satisfiable on the live `dport` axis (tcp_connect dport/daddr/sport/saddr/family), but no event in the four audited runs carried a matching value",,,,document-as-needing-environment,,"dport in [445,139]",rules/network-intrusion.yaml:97,7/item1
netintr_persistent_c2_beacon,Z3,silent,net_close,net_close,network-intrusion.yaml:533,silent-no-input,no,no-input-data,"condition is satisfiable on the live `duration_sec` axis (net_close duration_sec/dport), but no event in the four audited runs carried a matching value",,,,document-as-needing-environment,,duration_sec gt [3600],rules/network-intrusion.yaml:533,7/item1
netintr_raw_socket_connection,Z2,silent,tcp_connect,tcp_connect,network-intrusion.yaml:322,structurally-dead,no,condition-truly-doesnt-match,"unsatisfiable `proto` condition: every tcp_connect event is emitted with proto=6 (IPPROTO_TCP) (bpf/network.bpf.c:124,136,226,241); no UDP/ICMP/GRE event type is produced; condition requires ['41', '43', '47', '50', '51', '255']",proto,"41,43,47,50,51,255",,document-as-structurally-inert,,"proto in [255,41,43,47…]",rules/network-intrusion.yaml:322,7/item1
netintr_rdp_outbound,Z2,silent,tcp_connect,tcp_connect,network-intrusion.yaml:545,silent-no-input,no,no-input-data,"condition is satisfiable on the live `dport` axis (tcp_connect dport/daddr/sport/saddr/family), but no event in the four audited runs carried a matching value",,,,document-as-needing-environment,,"dport in [3389,3388]",rules/network-intrusion.yaml:545,7/item1
netintr_reverse_shell_port_1234,Z2,silent,tcp_connect,tcp_connect,network-intrusion.yaml:22,silent-no-input,no,no-input-data,"condition is satisfiable on the live `dport` axis (tcp_connect dport/daddr/sport/saddr/family), but no event in the four audited runs carried a matching value",,,,document-as-needing-environment,,"dport in [1234,5555,6666,7777…]",rules/network-intrusion.yaml:22,7/item1
netintr_reverse_shell_port_31337,Z2,silent,tcp_connect,tcp_connect,network-intrusion.yaml:34,silent-no-input,no,no-input-data,"condition is satisfiable on the live `dport` axis (tcp_connect dport/daddr/sport/saddr/family), but no event in the four audited runs carried a matching value",,,,document-as-needing-environment,,"dport in [31337,12345,54321]",rules/network-intrusion.yaml:34,7/item1
netintr_reverse_shell_port_4444,Z2,silent,tcp_connect,tcp_connect,network-intrusion.yaml:10,silent-no-input,no,no-input-data,"condition is satisfiable on the live `dport` axis (tcp_connect dport/daddr/sport/saddr/family), but no event in the four audited runs carried a matching value",,,,document-as-needing-environment,,dport in [4444],rules/network-intrusion.yaml:10,7/item1
netintr_smtp_exfil,Z2,silent,tcp_connect,tcp_connect,network-intrusion.yaml:282,silent-no-input,no,no-input-data,"condition is satisfiable on the live `dport` axis (tcp_connect dport/daddr/sport/saddr/family), but no event in the four audited runs carried a matching value",,,,document-as-needing-environment,,"dport in [25,465,587]",rules/network-intrusion.yaml:282,7/item1
netintr_socks_proxy_port,Z2,silent,tcp_connect,tcp_connect,network-intrusion.yaml:118,silent-no-input,no,no-input-data,"condition is satisfiable on the live `dport` axis (tcp_connect dport/daddr/sport/saddr/family), but no event in the four audited runs carried a matching value",,,,document-as-needing-environment,,"dport in [1080,1081,1082,3128…]",rules/network-intrusion.yaml:118,7/item1
netintr_vnc_outbound,Z2,silent,tcp_connect,tcp_connect,network-intrusion.yaml:557,silent-no-input,no,no-input-data,"condition is satisfiable on the live `dport` axis (tcp_connect dport/daddr/sport/saddr/family), but no event in the four audited runs carried a matching value",,,,document-as-needing-environment,,"dport in [5900,5901,5902,5903…]",rules/network-intrusion.yaml:557,7/item1
owasp_backup_config_access,Z4,silent,file,file,owasp-web.yaml:342,silent-no-input,no,no-input-data,"condition is satisfiable on the live `filename` axis (file filename/op/comm/directory/extension), but no event in the four audited runs carried a matching value",,,,document-as-needing-environment,,"filename regex [\.sql$,\.bak$,\.backup$,\.old$…]",rules/owasp-web.yaml:342,7/item1
owasp_package_manager_access,Z4,silent,file,file,owasp-web.yaml:245,silent-no-input,no,no-input-data,"condition is satisfiable on the live `filename` axis (file filename/op/comm/directory/extension), but no event in the four audited runs carried a matching value",,,,document-as-needing-environment,,"filename regex [node_modules/.*\.js$,site-packages/.*\.py$,vendor/.*\.php$]",rules/owasp-web.yaml:245,7/item1
owasp_php_in_upload,Z4,silent,file,file,owasp-web.yaml:325,silent-no-input,no,no-input-data,"condition is satisfiable on the live `filename` axis (file filename/op/comm/directory/extension), but no event in the four audited runs carried a matching value",,,,document-as-needing-environment,,"filename regex [/uploads/.*\.php,/upload/.*\.php,/files/.*\.php,/attachments/.*\.php]",rules/owasp-web.yaml:325,7/item1
owasp_web_metadata_access,Z2,silent,tcp_connect,tcp_connect,owasp-web.yaml:226,silent-no-input,no,no-input-data,"condition is satisfiable on the live `daddr` axis (tcp_connect dport/daddr/sport/saddr/family), but no event in the four audited runs carried a matching value",,,,document-as-needing-environment,,"daddr in [169.254.169.254,100.100.100.200]",rules/owasp-web.yaml:226,7/item1
owasp_web_shell_spawn,Z1,silent,syscall,syscall,owasp-web.yaml:156,condition-changed-since-3.0,yes,no-input-data,"condition is satisfiable on the live `nr` axis (syscall nr (within the in-kernel allowlist)/arg/ret/comm/parent_comm, plus proc.args on execve/execveat), but no event in the four audited runs carried a matching value; condition CHANGED in waves 5-6 (3.0 verdict stale — re-measure on stand)",,,,merge-with-duplicate,web_sql_injection_command,"nr in [59,322,545] AND parent_comm in [nginx,apache2,httpd,php-fpm…]",rules/owasp-web.yaml:156 ; twins: web_sql_injection_command rules/web-attacks-enhanced.yaml:59 (3.0 silent),7/item1
owasp_web_suspicious_write,Z4,silent,file,file,owasp-web.yaml:176,silent-no-input,no,no-input-data,"condition is satisfiable on the live `op` axis (file filename/op/comm/directory/extension), but no event in the four audited runs carried a matching value",,,,document-as-needing-environment,,"op eq [write] AND filename prefix [/var/www/,/srv/www/,/usr/share/nginx/html/,/app/public/…]",rules/owasp-web.yaml:176,7/item1
persist_apache_conf_write,Z4,silent,file,file,persistence-extended.yaml:200,silent-no-input,no,no-input-data,"condition is satisfiable on the live `filename` axis (file filename/op/comm/directory/extension), but no event in the four audited runs carried a matching value; carries non-emitted op token(s) ['create'] alongside a live op",,,create,document-as-needing-environment,,"file.path prefix [/etc/apache2/,/etc/httpd/,/etc/nginx/,/usr/local/etc/nginx/] AND file.path suffix [.conf,.load] AND file.op in [create,write] AND proc.comm not_in [dpkg,rpm,apt,yum…]",rules/persistence-extended.yaml:200,7/item1
persist_etc_environment_write,Z4,silent,file,file,persistence-extended.yaml:88,silent-no-input,no,no-input-data,"condition is satisfiable on the live `filename` axis (file filename/op/comm/directory/extension), but no event in the four audited runs carried a matching value",,,,document-as-needing-environment,,"file.path equals [/etc/environment] AND file.op in [write] AND proc.comm not_in [dpkg,rpm,ansible,puppet…]",rules/persistence-extended.yaml:88,7/item1
persist_etc_profile_write,Z4,silent,file,file,persistence-extended.yaml:175,silent-no-input,no,no-input-data,"condition is satisfiable on the live `filename` axis (file filename/op/comm/directory/extension), but no event in the four audited runs carried a matching value",,,,document-as-needing-environment,,"file.path equals [/etc/profile] AND file.op in [write] AND proc.comm not_in [dpkg,rpm,apt,yum…]",rules/persistence-extended.yaml:175,7/item1
persist_git_hook_write,Z4,silent,file,file,persistence-extended.yaml:144,silent-no-input,no,no-input-data,"condition is satisfiable on the live `filename` axis (file filename/op/comm/directory/extension), but no event in the four audited runs carried a matching value; carries non-emitted op token(s) ['create'] alongside a live op",,,create,document-as-needing-environment,,"file.path suffix [/.git/hooks/pre-commit,/.git/hooks/post-commit,/.git/hooks/post-merge,/.git/hooks/post-checkout…] AND file.op in [create,write] AND proc.comm not_in [git,pre-commit,lefthook,husky…]",rules/persistence-extended.yaml:144,7/item1
persist_profile_d_write,Z4,silent,file,file,persistence-extended.yaml:62,silent-no-input,no,no-input-data,"condition is satisfiable on the live `filename` axis (file filename/op/comm/directory/extension), but no event in the four audited runs carried a matching value; carries non-emitted op token(s) ['create'] alongside a live op",,,create,document-as-needing-environment,,"file.path prefix [/etc/profile.d/] AND file.op in [create,write] AND proc.comm not_in [dpkg,rpm,apt,yum…]",rules/persistence-extended.yaml:62,7/item1
persist_sshd_config_write,Z4,silent,file,file,persistence-extended.yaml:234,silent-no-input,no,no-input-data,"condition is satisfiable on the live `filename` axis (file filename/op/comm/directory/extension), but no event in the four audited runs carried a matching value; carries non-emitted op token(s) ['create'] alongside a live op",,,create,document-as-needing-environment,,"file.path prefix [/etc/ssh/sshd_config,/etc/ssh/sshd_config.d/] AND file.op in [write,create] AND proc.comm not_in [dpkg,rpm,apt,yum…]",rules/persistence-extended.yaml:234,7/item1
persist_systemd_path_unit,Z4,silent,file,file,persistence-extended.yaml:262,silent-no-input,no,no-input-data,"condition is satisfiable on the live `filename` axis (file filename/op/comm/directory/extension), but no event in the four audited runs carried a matching value; carries non-emitted op token(s) ['create'] alongside a live op",,,create,document-as-needing-environment,,"file.path prefix [/etc/systemd/system/,/usr/local/lib/systemd/system/,/run/systemd/system/] AND file.op in [create,write] AND proc.comm not_in [dpkg,rpm,apt,yum…] AND file.path regex [.+\.path$]",rules/persistence-extended.yaml:262,7/item1
persist_systemd_timer_created,Z4,silent,file,file,persistence-extended.yaml:3,silent-no-input,no,no-input-data,"condition is satisfiable on the live `filename` axis (file filename/op/comm/directory/extension), but no event in the four audited runs carried a matching value; carries non-emitted op token(s) ['create'] alongside a live op",,,create,document-as-needing-environment,,"file.path prefix [/etc/systemd/system/,/usr/local/lib/systemd/system/,/run/systemd/system/,/home/…] AND file.op in [create,write] AND proc.comm not_in [dpkg,rpm,apt,yum…] AND file.path regex [.+\.timer$]",rules/persistence-extended.yaml:3,7/item1
persist_systemd_wants_symlink,Z1,silent,syscall,syscall,persistence-extended.yaml:40,structurally-dead,no,condition-truly-doesnt-match,"unsatisfiable `nr` condition: the in-kernel syscall filter forwards only the 22 numbers of config/config.yaml kernel_filter.monitored_syscalls (bpf/syscall.bpf.c:52, syscall_is_monitored); no attack scenario can produce an event for a number outside it; condition requires ['88']",nr,88,,fix-condition,,"syscall.nr in [88] AND proc.comm not_in [systemctl,dpkg,rpm,apt…]",rules/persistence-extended.yaml:40,7/item1
persist_xdg_autostart_write,Z4,silent,file,file,persistence-extended.yaml:113,silent-no-input,no,no-input-data,"condition is satisfiable on the live `filename` axis (file filename/op/comm/directory/extension), but no event in the four audited runs carried a matching value; carries non-emitted op token(s) ['create'] alongside a live op",,,create,document-as-needing-environment,,"file.path prefix [/etc/xdg/autostart/,/home/] AND file.path suffix [.desktop] AND file.op in [create,write] AND proc.comm not_in [dpkg,rpm,apt,gnome-session…]",rules/persistence-extended.yaml:113,7/item1
persistence_at_spool_write,Z4,silent,file,file,persistence.yaml:226,silent-no-input,no,no-input-data,"condition is satisfiable on the live `filename` axis (file filename/op/comm/directory/extension), but no event in the four audited runs carried a matching value; carries non-emitted op token(s) ['create'] alongside a live op",,,create,document-as-needing-environment,,"file.path prefix [/var/spool/atjobs/,/var/spool/at/] AND file.op in [create,write] AND proc.comm not_in [at,atd,batch]",rules/persistence.yaml:226,7/item1
persistence_cron_write,Z4,silent,file,file,persistence.yaml:30,silent-no-input,no,no-input-data,"condition is satisfiable on the live `filename` axis (file filename/op/comm/directory/extension), but no event in the four audited runs carried a matching value; carries non-emitted op token(s) ['create'] alongside a live op",,,create,document-as-needing-environment,,"file.path prefix [/etc/cron.d/,/etc/cron.daily/,/etc/cron.hourly/,/etc/cron.weekly/…] AND file.op in [create,write] AND proc.comm not_in [dpkg,rpm,apt,yum…]",rules/persistence.yaml:30,7/item1
persistence_efi_boot_entry_modified,Z1,silent,syscall,syscall,collection-and-evasion-gaps.yaml:100,silent-no-input,no,no-input-data,"condition is satisfiable on the live `comm` axis (syscall nr (within the in-kernel allowlist)/arg/ret/comm/parent_comm, plus proc.args on execve/execveat), but no event in the four audited runs carried a matching value",,,,document-as-needing-environment,,"proc.comm in [efibootmgr,bcfg] AND syscall.nr equals [59]",rules/collection-and-evasion-gaps.yaml:100,7/item1
persistence_etc_init_write,Z4,silent,file,file,persistence.yaml:147,silent-no-input,no,no-input-data,"condition is satisfiable on the live `filename` axis (file filename/op/comm/directory/extension), but no event in the four audited runs carried a matching value; carries non-emitted op token(s) ['create'] alongside a live op",,,create,document-as-needing-environment,,"file.path prefix [/etc/init.d/,/etc/rc.d/,/etc/rc.local,/etc/rc2.d/…] AND file.op in [create,write] AND proc.comm not_in [dpkg,rpm,apt,yum…]",rules/persistence.yaml:147,7/item1
persistence_ld_preload_env,Z4,silent,file,file,persistence.yaml:200,silent-no-input,no,no-input-data,"condition is satisfiable on the live `filename` axis (file filename/op/comm/directory/extension), but no event in the four audited runs carried a matching value; carries non-emitted op token(s) ['create'] alongside a live op",,,create,document-as-needing-environment,,"file.path suffix [/.bashrc,/.profile,/.bash_profile,/etc/environment…] AND file.op in [write,create]",rules/persistence.yaml:200,7/item1
persistence_motd_write,Z4,silent,file,file,persistence.yaml:177,silent-no-input,no,no-input-data,"condition is satisfiable on the live `filename` axis (file filename/op/comm/directory/extension), but no event in the four audited runs carried a matching value; carries non-emitted op token(s) ['create'] alongside a live op",,,create,document-as-needing-environment,,"file.path prefix [/etc/update-motd.d/,/etc/motd] AND file.op in [write,create]",rules/persistence.yaml:177,7/item1
persistence_pam_modified,Z4,silent,file,file,persistence.yaml:83,silent-no-input,no,no-input-data,"condition is satisfiable on the live `filename` axis (file filename/op/comm/directory/extension), but no event in the four audited runs carried a matching value; carries non-emitted op token(s) ['create'] alongside a live op",,,create,document-as-needing-environment,,"file.path prefix [/etc/pam.d/,/lib/security/,/lib64/security/,/usr/lib/security/…] AND file.op in [create,write] AND proc.comm not_in [dpkg,rpm,apt,yum…]",rules/persistence.yaml:83,7/item1
persistence_shell_rc_write,Z4,silent,file,file,persistence.yaml:113,silent-no-input,no,no-input-data,"condition is satisfiable on the live `filename` axis (file filename/op/comm/directory/extension), but no event in the four audited runs carried a matching value",,,,document-as-needing-environment,,"file.path suffix [/.bashrc,/.bash_profile,/.bash_login,/.profile…] AND file.op in [write] AND proc.comm not_in [bash,zsh,fish,sh…]",rules/persistence.yaml:113,7/item1
persistence_ssh_authorized_keys,Z4,silent,file,file,persistence.yaml:61,silent-no-input,no,no-input-data,"condition is satisfiable on the live `filename` axis (file filename/op/comm/directory/extension), but no event in the four audited runs carried a matching value; carries non-emitted op token(s) ['create'] alongside a live op",,,create,document-as-needing-environment,,"file.path suffix [/.ssh/authorized_keys,/.ssh/authorized_keys2] AND file.op in [create,write]",rules/persistence.yaml:61,7/item1
persistence_systemd_new_service,Z4,silent,file,file,persistence.yaml:3,silent-no-input,no,no-input-data,"condition is satisfiable on the live `filename` axis (file filename/op/comm/directory/extension), but no event in the four audited runs carried a matching value; carries non-emitted op token(s) ['create'] alongside a live op",,,create,document-as-needing-environment,,"file.path prefix [/etc/systemd/system/,/usr/local/lib/systemd/system/,/run/systemd/system/] AND file.op in [create,write] AND proc.comm not_in [dpkg,rpm,apt,yum…]",rules/persistence.yaml:3,7/item1
persistence_systemd_service_created,Z4,silent,file,file,credential-and-defense-gaps.yaml:111,silent-no-input,no,no-input-data,"condition is satisfiable on the live `filename` axis (file filename/op/comm/directory/extension), but no event in the four audited runs carried a matching value; carries non-emitted op token(s) ['create'] alongside a live op",,,create,document-as-needing-environment,,"file.path suffix [.service] AND file.path prefix [/etc/systemd/system/,/lib/systemd/system/,/usr/lib/systemd/system/,/run/systemd/system/] AND file.op in [create,write] AND proc.comm not_in [dpkg,rpm,apt,yum…]",rules/credential-and-defense-gaps.yaml:111,7/item1
privesc_setns_syscall,Z1,silent,syscall,syscall,privesc.yaml:160,condition-changed-since-3.0,yes,no-input-data,"condition is satisfiable on the live `nr` axis (syscall nr (within the in-kernel allowlist)/arg/ret/comm/parent_comm, plus proc.args on execve/execveat), but no event in the four audited runs carried a matching value; condition CHANGED in waves 5-6 (3.0 verdict stale — re-measure on stand)",,,,document-as-needing-environment,,nr in [308] AND comm not_in [nsenter],rules/privesc.yaml:160,7/item1
privesc_unshare_user_ns,Z1,silent,syscall,syscall,privesc.yaml:324,silent-no-input,no,no-input-data,"condition is satisfiable on the live `nr` axis (syscall nr (within the in-kernel allowlist)/arg/ret/comm/parent_comm, plus proc.args on execve/execveat), but no event in the four audited runs carried a matching value",,,,merge-with-duplicate,"cis_5_2_1_privileged_container,container_escape_unshare_user",nr in [272],"rules/privesc.yaml:324 ; twins: cis_5_2_1_privileged_container rules/cis-k8s.yaml:86 (3.0 silent), container_escape_unshare_user rules/container-escape.yaml:192 (3.0 silent)",7/item1
proc_inject_devshm_so,Z4,silent,file,file,process-injection.yaml:202,silent-no-input,no,no-input-data,"condition is satisfiable on the live `filename` axis (file filename/op/comm/directory/extension), but no event in the four audited runs carried a matching value",,,,document-as-needing-environment,,"filename regex [/dev/shm/.*\.so(\.[0-9]+)*,/dev/shm/.*\.so$]",rules/process-injection.yaml:202,7/item1
proc_inject_fexecve,Z1,silent,syscall,syscall,process-injection.yaml:80,condition-changed-since-3.0,yes,no-input-data,"condition is satisfiable on the live `nr` axis (syscall nr (within the in-kernel allowlist)/arg/ret/comm/parent_comm, plus proc.args on execve/execveat), but no event in the four audited runs carried a matching value; condition CHANGED in waves 5-6 (3.0 verdict stale — re-measure on stand)",,,,document-as-needing-environment,,nr in [322] AND arg4 in [4096],rules/process-injection.yaml:80,7/item1
proc_inject_ld_preload_conf,Z4,silent,file,file,process-injection.yaml:156,silent-no-input,no,no-input-data,"condition is satisfiable on the live `filename` axis (file filename/op/comm/directory/extension), but no event in the four audited runs carried a matching value",,,,document-as-needing-environment,,filename prefix [/etc/ld.so.conf.d/],rules/process-injection.yaml:156,7/item1
proc_inject_ld_preload_file,Z4,silent,file,file,process-injection.yaml:135,silent-no-input,no,no-input-data,"condition is satisfiable on the live `filename` axis (file filename/op/comm/directory/extension), but no event in the four audited runs carried a matching value",,,,document-as-needing-environment,,filename in [/etc/ld.so.preload],rules/process-injection.yaml:135,7/item1
proc_inject_maps_recon,Z4,silent,file,file,process-injection.yaml:178,silent-no-input,no,no-input-data,"condition is satisfiable on the live `filename` axis (file filename/op/comm/directory/extension), but no event in the four audited runs carried a matching value",,,,document-as-needing-environment,,"filename regex [/proc/[0-9]+/maps,/proc/[0-9]+/pagemap,/proc/[0-9]+/smaps]",rules/process-injection.yaml:178,7/item1
proc_inject_memfd_create,Z1,silent,syscall,syscall,process-injection.yaml:45,silent-no-input,no,no-input-data,"condition is satisfiable on the live `nr` axis (syscall nr (within the in-kernel allowlist)/arg/ret/comm/parent_comm, plus proc.args on execve/execveat), but no event in the four audited runs carried a matching value",,,,merge-with-duplicate,sigma_memfd_create_anonymous,nr in [319],rules/process-injection.yaml:45 ; twins: sigma_memfd_create_anonymous rules/sigma-linux.yaml:1450 (3.0 silent),7/item1
proc_inject_proc_mem_write,Z4,silent,file,file,process-injection.yaml:111,silent-no-input,no,no-input-data,"condition is satisfiable on the live `filename` axis (file filename/op/comm/directory/extension), but no event in the four audited runs carried a matching value",,,,document-as-needing-environment,,filename regex [/proc/[0-9]+/mem],rules/process-injection.yaml:111,7/item1
proc_inject_ptrace,Z1,silent,syscall,syscall,process-injection.yaml:15,condition-changed-since-3.0,yes,no-input-data,"condition is satisfiable on the live `nr` axis (syscall nr (within the in-kernel allowlist)/arg/ret/comm/parent_comm, plus proc.args on execve/execveat), but no event in the four audited runs carried a matching value; condition CHANGED in waves 5-6 (3.0 verdict stale — re-measure on stand)",,,,document-as-needing-environment,,"nr in [101] AND comm not_in [gdb,strace,perf,ltrace…]",rules/process-injection.yaml:15,7/item1
ptrace_attach,Z1,silent,syscall,syscall,process-injection.yaml:227,silent-no-input,no,no-input-data,"condition is satisfiable on the live `nr` axis (syscall nr (within the in-kernel allowlist)/arg/ret/comm/parent_comm, plus proc.args on execve/execveat), but no event in the four audited runs carried a matching value",,,,document-as-needing-environment,,"nr in [101] AND arg0 in [16] AND proc.comm not_in [gdb,strace,ltrace,perf…]",rules/process-injection.yaml:227,7/item1
recon_active_connections,Z1,silent,syscall,syscall,reconnaissance.yaml:47,silent-no-input,no,no-input-data,"condition is satisfiable on the live `comm` axis (syscall nr (within the in-kernel allowlist)/arg/ret/comm/parent_comm, plus proc.args on execve/execveat), but no event in the four audited runs carried a matching value",,,,document-as-needing-environment,,"proc.comm in [netstat,ss,lsof,nmap…] AND syscall.nr equals [59]",rules/reconnaissance.yaml:47,7/item1
recon_network_config,Z1,silent,syscall,syscall,reconnaissance.yaml:26,silent-no-input,no,no-input-data,"condition is satisfiable on the live `comm` axis (syscall nr (within the in-kernel allowlist)/arg/ret/comm/parent_comm, plus proc.args on execve/execveat), but no event in the four audited runs carried a matching value",,,,document-as-needing-environment,,"proc.comm in [ifconfig,ip,netstat,ss…] AND syscall.nr equals [59]",rules/reconnaissance.yaml:26,7/item1
recon_port_scan_outbound,Z1,silent,syscall,syscall,reconnaissance.yaml:179,silent-no-input,no,no-input-data,"condition is satisfiable on the live `comm` axis (syscall nr (within the in-kernel allowlist)/arg/ret/comm/parent_comm, plus proc.args on execve/execveat), but no event in the four audited runs carried a matching value",,,,document-as-needing-environment,,"proc.comm in [nmap,masscan,zmap,rustscan…] AND syscall.nr equals [59]",rules/reconnaissance.yaml:179,7/item1
recon_process_enum,Z1,silent,syscall,syscall,reconnaissance.yaml:135,silent-no-input,no,no-input-data,"condition is satisfiable on the live `comm` axis (syscall nr (within the in-kernel allowlist)/arg/ret/comm/parent_comm, plus proc.args on execve/execveat), but no event in the four audited runs carried a matching value",,,,document-as-needing-environment,,"proc.comm in [ps,pstree,top,htop…] AND syscall.nr equals [59]",rules/reconnaissance.yaml:135,7/item1
recon_security_tools_enum,Z1,silent,syscall,syscall,reconnaissance.yaml:157,silent-no-input,no,no-input-data,"condition is satisfiable on the live `comm` axis (syscall nr (within the in-kernel allowlist)/arg/ret/comm/parent_comm, plus proc.args on execve/execveat), but no event in the four audited runs carried a matching value",,,,document-as-needing-environment,,"proc.comm in [find,which,whereis,locate…] AND syscall.nr equals [59]",rules/reconnaissance.yaml:157,7/item1
recon_sudo_privs,Z4,silent,file,file,reconnaissance.yaml:111,silent-no-input,no,no-input-data,"condition is satisfiable on the live `filename` axis (file filename/op/comm/directory/extension), but no event in the four audited runs carried a matching value",,,,document-as-needing-environment,,"file.path prefix [/etc/sudoers.d/,/etc/sudoers] AND file.op in [read,open] AND proc.comm not_in [sudo,sudoedit,visudo,ansible…]",rules/reconnaissance.yaml:111,7/item1
recon_system_info,Z1,silent,syscall,syscall,reconnaissance.yaml:3,silent-no-input,no,no-input-data,"condition is satisfiable on the live `comm` axis (syscall nr (within the in-kernel allowlist)/arg/ret/comm/parent_comm, plus proc.args on execve/execveat), but no event in the four audited runs carried a matching value",,,,document-as-needing-environment,,"proc.comm in [uname,hostname,hostnamectl,dmidecode…] AND syscall.nr equals [59]",rules/reconnaissance.yaml:3,7/item1
recon_user_enum,Z1,silent,syscall,syscall,reconnaissance.yaml:69,silent-no-input,no,no-input-data,"condition is satisfiable on the live `comm` axis (syscall nr (within the in-kernel allowlist)/arg/ret/comm/parent_comm, plus proc.args on execve/execveat), but no event in the four audited runs carried a matching value",,,,document-as-needing-environment,,"proc.comm in [id,whoami,who,w…] AND syscall.nr equals [59]",rules/reconnaissance.yaml:69,7/item1
sigma_auditd_stopped,Z1,silent,syscall,syscall,sigma-linux.yaml:1598,silent-no-input,no,no-input-data,"condition is satisfiable on the live `proc.args` axis (syscall nr (within the in-kernel allowlist)/arg/ret/comm/parent_comm, plus proc.args on execve/execveat), but no event in the four audited runs carried a matching value",,,,document-as-needing-environment,,"proc.args regex [systemctl.*stop.*auditd,systemctl.*disable.*auditd,service.*auditd.*stop,auditctl.*-e 0]",rules/sigma-linux.yaml:1598,7/item1
sigma_base64_execution_shell,Z1,silent,syscall,syscall,sigma-linux.yaml:59,silent-no-input,no,no-input-data,"condition is satisfiable on the live `proc.args` axis (syscall nr (within the in-kernel allowlist)/arg/ret/comm/parent_comm, plus proc.args on execve/execveat), but no event in the four audited runs carried a matching value",,,,document-as-needing-environment,,"proc.args regex [base64 -d,base64 --decode,\|\s*base64,echo .* \| bash]",rules/sigma-linux.yaml:59,7/item1
sigma_chmod_executable_tmp,Z1,silent,syscall,file,sigma-linux.yaml:248,condition-changed-since-3.0,yes,no-input-data,"condition is satisfiable on the live `op` axis (file filename/op/comm/directory/extension), but no event in the four audited runs carried a matching value; condition CHANGED in waves 5-6 (3.0 verdict stale — re-measure on stand)",,,,document-as-needing-environment,,"file.op eq [chmod] AND file.path prefix [/tmp/,/var/tmp/,/dev/shm/,/run/shm/]",rules/sigma-linux.yaml:248,7/item1
sigma_crontab_modification,Z4,silent,file,file,sigma-linux.yaml:163,silent-no-input,no,no-input-data,"condition is satisfiable on the live `filename` axis (file filename/op/comm/directory/extension), but no event in the four audited runs carried a matching value",,,,document-as-needing-environment,,"filename in [/etc/crontab,/etc/cron.allow,/etc/cron.deny]",rules/sigma-linux.yaml:163,7/item1
sigma_dev_mem_access,Z4,silent,file,file,sigma-linux.yaml:1618,silent-no-input,no,no-input-data,"condition is satisfiable on the live `filename` axis (file filename/op/comm/directory/extension), but no event in the four audited runs carried a matching value",,,,document-as-needing-environment,,"filename in [/dev/mem,/dev/kmem,/dev/port]",rules/sigma-linux.yaml:1618,7/item1
sigma_history_file_cleared,Z4,silent,file,file,sigma-linux.yaml:566,silent-no-input,no,no-input-data,"condition is satisfiable on the live `filename` axis (file filename/op/comm/directory/extension), but no event in the four audited runs carried a matching value",,,,document-as-needing-environment,,"filename regex [.*\.bash_history$,.*\.zsh_history$,.*\.history$,.*\.sh_history$]",rules/sigma-linux.yaml:566,7/item1
sigma_iptables_flush,Z1,silent,syscall,syscall,sigma-linux.yaml:1571,condition-changed-since-3.0,yes,no-input-data,"condition is satisfiable on the live `proc.args` axis (syscall nr (within the in-kernel allowlist)/arg/ret/comm/parent_comm, plus proc.args on execve/execveat), but no event in the four audited runs carried a matching value; condition CHANGED in waves 5-6 (3.0 verdict stale — re-measure on stand)",,,,document-as-needing-environment,,"proc.args regex [ip6?tables[^;|&]*(^|\s)(-F|--flush)(\s|$),ip6?tables[^;|&]*(^|\s)(-X|--delete-chain)(\s|$),ufw disable,systemctl stop firewalld…]",rules/sigma-linux.yaml:1571,7/item1
sigma_irc_c2_ports,Z2,silent,tcp_connect,tcp_connect,sigma-linux.yaml:1788,silent-no-input,no,no-input-data,"condition is satisfiable on the live `dport` axis (tcp_connect dport/daddr/sport/saddr/family), but no event in the four audited runs carried a matching value",,,,document-as-needing-environment,,"dport in [6667,6668,6669,6697]",rules/sigma-linux.yaml:1788,7/item1
sigma_java_child_shell,Z4,silent,file,file,sigma-linux.yaml:1755,silent-no-input,no,no-input-data,"condition is satisfiable on the live `filename` axis (file filename/op/comm/directory/extension), but no event in the four audited runs carried a matching value",,,,document-as-needing-environment,,"filename regex [/bin/sh,/bin/bash,/bin/dash,/usr/bin/sh…]",rules/sigma-linux.yaml:1755,7/item1
sigma_lolbin_awk_shell,Z1,silent,syscall,syscall,sigma-linux.yaml:724,silent-no-input,no,no-input-data,"condition is satisfiable on the live `proc.args` axis (syscall nr (within the in-kernel allowlist)/arg/ret/comm/parent_comm, plus proc.args on execve/execveat), but no event in the four audited runs carried a matching value",,,,document-as-needing-environment,,"proc.args regex [awk.*system\(,awk.*BEGIN.*system,gawk.*system\(]",rules/sigma-linux.yaml:724,7/item1
sigma_lolbin_dd_write,Z1,silent,syscall,syscall,sigma-linux.yaml:769,silent-no-input,no,no-input-data,"condition is satisfiable on the live `proc.args` axis (syscall nr (within the in-kernel allowlist)/arg/ret/comm/parent_comm, plus proc.args on execve/execveat), but no event in the four audited runs carried a matching value",,,,document-as-needing-environment,,"proc.args regex [dd.*of=/dev/[sh]d,dd.*of=/dev/nvme,dd.*if=/dev/urandom.*of=,dd.*conv=notrunc…]",rules/sigma-linux.yaml:769,7/item1
sigma_lolbin_env_execution,Z1,silent,syscall,syscall,sigma-linux.yaml:755,silent-no-input,no,no-input-data,"condition is satisfiable on the live `proc.args` axis (syscall nr (within the in-kernel allowlist)/arg/ret/comm/parent_comm, plus proc.args on execve/execveat), but no event in the four audited runs carried a matching value",,,,document-as-needing-environment,,"proc.args regex [^env .*(sh|bash|python|perl|ruby|node),env\s+-i\s+]",rules/sigma-linux.yaml:755,7/item1
sigma_lolbin_find_exec,Z1,silent,syscall,syscall,sigma-linux.yaml:739,silent-no-input,no,no-input-data,"condition is satisfiable on the live `proc.args` axis (syscall nr (within the in-kernel allowlist)/arg/ret/comm/parent_comm, plus proc.args on execve/execveat), but no event in the four audited runs carried a matching value",,,,document-as-needing-environment,,"proc.args regex [find.*-exec.*sh.*,find.*-exec.*bash.*,find.*-exec.*python.*,find.*-exec.*perl.*]",rules/sigma-linux.yaml:739,7/item1
sigma_lolbin_openssl_connect,Z1,silent,syscall,syscall,sigma-linux.yaml:710,silent-no-input,no,no-input-data,"condition is satisfiable on the live `proc.args` axis (syscall nr (within the in-kernel allowlist)/arg/ret/comm/parent_comm, plus proc.args on execve/execveat), but no event in the four audited runs carried a matching value",,,,document-as-needing-environment,,"proc.args regex [openssl.*s_client.*-connect,openssl.*s_server]",rules/sigma-linux.yaml:710,7/item1
sigma_lolbin_python_download,Z1,silent,syscall,syscall,sigma-linux.yaml:694,silent-no-input,no,no-input-data,"condition is satisfiable on the live `proc.args` axis (syscall nr (within the in-kernel allowlist)/arg/ret/comm/parent_comm, plus proc.args on execve/execveat), but no event in the four audited runs carried a matching value",,,,document-as-needing-environment,,"proc.args regex [python.*urllib.*urlretrieve,python.*urllib.*urlopen,python.*requests\.get,python.*http\.client]",rules/sigma-linux.yaml:694,7/item1
sigma_masquerade_kernel_thread,Z1,silent,syscall,syscall,sigma-linux.yaml:269,silent-no-input,no,no-input-data,"condition is satisfiable on the live `comm` axis (syscall nr (within the in-kernel allowlist)/arg/ret/comm/parent_comm, plus proc.args on execve/execveat), but no event in the four audited runs carried a matching value",,,,document-as-needing-environment,,comm regex [^\[.*\]$],rules/sigma-linux.yaml:269,7/item1
sigma_masquerade_sshd,Z4,silent,file,file,sigma-linux.yaml:282,silent-no-input,no,no-input-data,"condition is satisfiable on the live `filename` axis (file filename/op/comm/directory/extension), but no event in the four audited runs carried a matching value",,,,document-as-needing-environment,,"filename regex [/tmp/sshd,/dev/shm/sshd,/var/tmp/sshd,/tmp/ssh]",rules/sigma-linux.yaml:282,7/item1
sigma_memfd_create_anonymous,Z1,silent,syscall,syscall,sigma-linux.yaml:1450,silent-no-input,no,no-input-data,"condition is satisfiable on the live `nr` axis (syscall nr (within the in-kernel allowlist)/arg/ret/comm/parent_comm, plus proc.args on execve/execveat), but no event in the four audited runs carried a matching value",,,,merge-with-duplicate,proc_inject_memfd_create,nr in [319],rules/sigma-linux.yaml:1450 ; twins: proc_inject_memfd_create rules/process-injection.yaml:45 (3.0 silent),7/item1
sigma_mprotect_exec_heap,Z1,silent,syscall,syscall,sigma-linux.yaml:1475,structurally-dead,yes,condition-truly-doesnt-match,"unsatisfiable `nr` condition: the in-kernel syscall filter forwards only the 22 numbers of config/config.yaml kernel_filter.monitored_syscalls (bpf/syscall.bpf.c:52, syscall_is_monitored); no attack scenario can produce an event for a number outside it; condition requires ['10']",nr,10,,fix-condition,,"nr in [10] AND arg2 in [4,5,6,7]",rules/sigma-linux.yaml:1475,7/item1
sigma_outbound_tor_ports,Z2,silent,tcp_connect,tcp_connect,sigma-linux.yaml:1776,silent-no-input,no,no-input-data,"condition is satisfiable on the live `dport` axis (tcp_connect dport/daddr/sport/saddr/family), but no event in the four audited runs carried a matching value",,,,document-as-needing-environment,,"dport in [9001,9030,9050,9051]",rules/sigma-linux.yaml:1776,7/item1
sigma_perl_shell_execution,Z1,silent,syscall,syscall,sigma-linux.yaml:109,silent-no-input,no,no-input-data,"condition is satisfiable on the live `proc.args` axis (syscall nr (within the in-kernel allowlist)/arg/ret/comm/parent_comm, plus proc.args on execve/execveat), but no event in the four audited runs carried a matching value",,,,document-as-needing-environment,,"proc.args regex [perl.*system\(,perl.*exec\(,perl -e.*\$_,perl.*\|.*sh]",rules/sigma-linux.yaml:109,7/item1
sigma_prctl_dumpable,Z1,silent,syscall,syscall,sigma-linux.yaml:1339,structurally-dead,yes,condition-truly-doesnt-match,"unsatisfiable `nr` condition: the in-kernel syscall filter forwards only the 22 numbers of config/config.yaml kernel_filter.monitored_syscalls (bpf/syscall.bpf.c:52, syscall_is_monitored); no attack scenario can produce an event for a number outside it; condition requires ['157']",nr,157,,fix-condition,,nr in [157] AND arg0 in [4] AND arg1 eq [0],rules/sigma-linux.yaml:1339,7/item1
sigma_proc_sysrq_write,Z4,silent,file,file,sigma-linux.yaml:1633,silent-no-input,no,no-input-data,"condition is satisfiable on the live `op` axis (file filename/op/comm/directory/extension), but no event in the four audited runs carried a matching value",,,,document-as-needing-environment,,op eq [write] AND filename in [/proc/sysrq-trigger],rules/sigma-linux.yaml:1633,7/item1
sigma_process_vm_readv,Z1,silent,syscall,syscall,sigma-linux.yaml:1497,condition-changed-since-3.0,yes,no-input-data,"condition is satisfiable on the live `nr` axis (syscall nr (within the in-kernel allowlist)/arg/ret/comm/parent_comm, plus proc.args on execve/execveat), but no event in the four audited runs carried a matching value; condition CHANGED in waves 5-6 (3.0 verdict stale — re-measure on stand)",,,,document-as-needing-environment,,"nr in [310] AND comm not_in [gdb,gcore,criu]",rules/sigma-linux.yaml:1497,7/item1
sigma_process_vm_writev,Z1,silent,syscall,syscall,sigma-linux.yaml:1516,condition-changed-since-3.0,yes,no-input-data,"condition is satisfiable on the live `nr` axis (syscall nr (within the in-kernel allowlist)/arg/ret/comm/parent_comm, plus proc.args on execve/execveat), but no event in the four audited runs carried a matching value; condition CHANGED in waves 5-6 (3.0 verdict stale — re-measure on stand)",,,,document-as-needing-environment,,"nr in [311] AND comm not_in [gdb,criu]",rules/sigma-linux.yaml:1516,7/item1
sigma_ptrace_attach,Z1,silent,syscall,syscall,sigma-linux.yaml:1424,condition-changed-since-3.0,yes,no-input-data,"condition is satisfiable on the live `nr` axis (syscall nr (within the in-kernel allowlist)/arg/ret/comm/parent_comm, plus proc.args on execve/execveat), but no event in the four audited runs carried a matching value; condition CHANGED in waves 5-6 (3.0 verdict stale — re-measure on stand)",,,,document-as-needing-environment,,"nr in [101] AND arg0 in [16,16902]",rules/sigma-linux.yaml:1424,7/item1
sigma_python_exec_shell,Z1,silent,syscall,syscall,sigma-linux.yaml:93,silent-no-input,no,no-input-data,"condition is satisfiable on the live `proc.args` axis (syscall nr (within the in-kernel allowlist)/arg/ret/comm/parent_comm, plus proc.args on execve/execveat), but no event in the four audited runs carried a matching value",,,,document-as-needing-environment,,"proc.args regex [python.*os\.system,python.*subprocess,python.*pty\.spawn,python.*import os.*exec]",rules/sigma-linux.yaml:93,7/item1
sigma_ruby_shell_execution,Z1,silent,syscall,syscall,sigma-linux.yaml:125,silent-no-input,no,no-input-data,"condition is satisfiable on the live `proc.args` axis (syscall nr (within the in-kernel allowlist)/arg/ret/comm/parent_comm, plus proc.args on execve/execveat), but no event in the four audited runs carried a matching value",,,,document-as-needing-environment,,"proc.args regex [ruby.*exec\(,ruby.*system\(,ruby -e.*Kernel\.exec,ruby.*IO\.popen]",rules/sigma-linux.yaml:125,7/item1
sigma_script_dropper_via_curl,Z1,silent,syscall,syscall,sigma-linux.yaml:75,silent-no-input,no,no-input-data,"condition is satisfiable on the live `proc.args` axis (syscall nr (within the in-kernel allowlist)/arg/ret/comm/parent_comm, plus proc.args on execve/execveat), but no event in the four audited runs carried a matching value",,,,document-as-needing-environment,,"proc.args regex [curl.*\|.*sh,curl.*\|.*bash,wget.*\|.*sh,wget.*\|.*bash…]",rules/sigma-linux.yaml:75,7/item1
sigma_seccomp_filter_install,Z1,silent,syscall,syscall,sigma-linux.yaml:1537,structurally-dead,yes,condition-truly-doesnt-match,"unsatisfiable `nr` condition: the in-kernel syscall filter forwards only the 22 numbers of config/config.yaml kernel_filter.monitored_syscalls (bpf/syscall.bpf.c:52, syscall_is_monitored); no attack scenario can produce an event for a number outside it; condition requires ['317']",nr,317,,fix-condition,,"nr in [317] AND comm not_in [runc,containerd-shim,containerd-shim-runc-v2,dockerd…]",rules/sigma-linux.yaml:1537,7/item1
sigma_setuid_syscall,Z1,silent,syscall,syscall,sigma-linux.yaml:1318,condition-changed-since-3.0,yes,no-input-data,"condition is satisfiable on the live `nr` axis (syscall nr (within the in-kernel allowlist)/arg/ret/comm/parent_comm, plus proc.args on execve/execveat), but no event in the four audited runs carried a matching value; condition CHANGED in waves 5-6 (3.0 verdict stale — re-measure on stand)",,,,document-as-needing-environment,,"nr in [105,106,113,114…] AND comm not_in [sshd,su,sudo,cron…]",rules/sigma-linux.yaml:1318,7/item1
sigma_shell_from_unexpected_parent,Z1,silent,syscall,syscall,sigma-linux.yaml:10,condition-changed-since-3.0,yes,no-input-data,"condition is satisfiable on the live `nr` axis (syscall nr (within the in-kernel allowlist)/arg/ret/comm/parent_comm, plus proc.args on execve/execveat), but no event in the four audited runs carried a matching value; condition CHANGED in waves 5-6 (3.0 verdict stale — re-measure on stand)",,,,document-as-needing-environment,,"nr in [59] AND comm regex [^sh$,^bash$,^dash$,^zsh$…] AND parent_comm not_in [sshd,cron,systemd,run-parts…]",rules/sigma-linux.yaml:10,7/item1
sigma_ssh_many_failed_auth,Z2,silent,tcp_connect,tcp_connect,sigma-linux.yaml:1655,silent-no-input,no,no-input-data,"condition is satisfiable on the live `dport` axis (tcp_connect dport/daddr/sport/saddr/family), but no event in the four audited runs carried a matching value",,,,document-as-needing-environment,,"dport in [22,2222,22222]",rules/sigma-linux.yaml:1655,7/item1
sigma_sudo_config_read,Z4,silent,file,file,sigma-linux.yaml:1300,silent-no-input,no,no-input-data,"condition is satisfiable on the live `filename` axis (file filename/op/comm/directory/extension), but no event in the four audited runs carried a matching value",,,,document-as-needing-environment,,"filename prefix [/etc/sudoers,/etc/sudoers.d/]",rules/sigma-linux.yaml:1300,7/item1
sigma_systemd_timer_created,Z4,silent,file,file,sigma-linux.yaml:198,silent-no-input,no,no-input-data,"condition is satisfiable on the live `filename` axis (file filename/op/comm/directory/extension), but no event in the four audited runs carried a matching value",,,,document-as-needing-environment,,"filename regex [/etc/systemd/system/[^/]+\.timer,/usr/lib/systemd/system/[^/]+\.timer]",rules/sigma-linux.yaml:198,7/item1
sigma_web_server_shell_spawn,Z1,silent,syscall,syscall,sigma-linux.yaml:1726,condition-changed-since-3.0,yes,no-input-data,"condition is satisfiable on the live `parent_comm` axis (syscall nr (within the in-kernel allowlist)/arg/ret/comm/parent_comm, plus proc.args on execve/execveat), but no event in the four audited runs carried a matching value; condition CHANGED in waves 5-6 (3.0 verdict stale — re-measure on stand)",,,,document-as-needing-environment,,"parent_comm in [nginx,apache2,httpd,php-fpm…] AND comm regex [^sh$,^bash$,^dash$,^zsh$…]",rules/sigma-linux.yaml:1726,7/item1
sigma_world_writable_dir_created,Z1,silent,syscall,syscall,sigma-linux.yaml:792,structurally-dead,yes,condition-truly-doesnt-match,"unsatisfiable `nr` condition: the in-kernel syscall filter forwards only the 22 numbers of config/config.yaml kernel_filter.monitored_syscalls (bpf/syscall.bpf.c:52, syscall_is_monitored); no attack scenario can produce an event for a number outside it; condition requires ['83', '258']",nr,"83,258",,fix-condition,,(nr eq [83] AND arg1 eq [511]) OR (nr eq [258] AND arg2 eq [511]),rules/sigma-linux.yaml:792,7/item1
supply_chain_build_tool_rootwrite,Z4,silent,file,file,supply-chain.yaml:202,silent-no-input,no,no-input-data,"condition is satisfiable on the live `op` axis (file filename/op/comm/directory/extension), but no event in the four audited runs carried a matching value",,,,document-as-needing-environment,,"op eq [write] AND proc.comm in [gcc,cc1,clang,make…] AND filename prefix [/usr/bin/,/usr/sbin/,/usr/lib/,/usr/local/bin/…]",rules/supply-chain.yaml:202,7/item1
web_blind_sqli_heuristic,Z1,silent,syscall,syscall,web-attacks-enhanced.yaml:78,structurally-dead,yes,condition-truly-doesnt-match,"unsatisfiable `nr` condition: the in-kernel syscall filter forwards only the 22 numbers of config/config.yaml kernel_filter.monitored_syscalls (bpf/syscall.bpf.c:52, syscall_is_monitored); no attack scenario can produce an event for a number outside it; condition requires ['35', '162', '206']",nr,"35,162,206",,fix-condition,,"nr in [35,206,162] AND parent_comm in [nginx,apache2,httpd,php-fpm…]",rules/web-attacks-enhanced.yaml:78,7/item1
web_combined_attack,Z4,silent,file,file,web-attacks-enhanced.yaml:344,silent-no-input,no,no-input-data,"condition is satisfiable on the live `filename` axis (file filename/op/comm/directory/extension), but no event in the four audited runs carried a matching value",,,,document-as-needing-environment,,"filename regex [(union.*select|or\s+1\s*=\s*1|drop\s+table).*.*(\.\.|%2e|%2f|%5c),(<script|javascript:|innerHTML).*(php://|file://|data://),(\{\{|\{%|#\{|<%=).*.*(\.\.|%2e|%2f)]",rules/web-attacks-enhanced.yaml:344,7/item1
web_file_inclusion_attack,Z4,silent,file,file,web-attacks-enhanced.yaml:211,silent-no-input,no,no-input-data,"condition is satisfiable on the live `filename` axis (file filename/op/comm/directory/extension), but no event in the four audited runs carried a matching value",,,,document-as-needing-environment,,"filename regex [php://input,php://file,expect://,data://…]",rules/web-attacks-enhanced.yaml:211,7/item1
web_path_traversal_process,Z4,silent,file,file,web-attacks-enhanced.yaml:192,silent-no-input,no,no-input-data,"condition is satisfiable on the live `filename` axis (file filename/op/comm/directory/extension), but no event in the four audited runs carried a matching value",,,,document-as-needing-environment,,"filename regex [(nginx|apache|httpd|node|python|php|java|tomcat|jetty|lighttpd|caddy|traefik|gunicorn|uwsgi|passenger|mongrel|webrick).*?(\.\.|%2e|%2f|%5c|%c0),(\.\./|\.\.\\|%2e%2e%2f|%252e%252e%252f|%c0%ae).+?(nginx|apache|httpd|node|python|php|java|tomcat|jetty|lighttpd|caddy|traefik|gunicorn|uwsgi|passenger|mongrel|webrick)]",rules/web-attacks-enhanced.yaml:192,7/item1
web_sql_injection_command,Z1,silent,syscall,syscall,web-attacks-enhanced.yaml:59,condition-changed-since-3.0,yes,no-input-data,"condition is satisfiable on the live `nr` axis (syscall nr (within the in-kernel allowlist)/arg/ret/comm/parent_comm, plus proc.args on execve/execveat), but no event in the four audited runs carried a matching value; condition CHANGED in waves 5-6 (3.0 verdict stale — re-measure on stand)",,,,merge-with-duplicate,owasp_web_shell_spawn,"nr in [59,322,545] AND parent_comm in [nginx,apache2,httpd,php-fpm…]",rules/web-attacks-enhanced.yaml:59 ; twins: owasp_web_shell_spawn rules/owasp-web.yaml:156 (3.0 silent),7/item1
web_template_injection,Z4,silent,file,file,web-attacks-enhanced.yaml:234,silent-no-input,no,no-input-data,"condition is satisfiable on the live `filename` axis (file filename/op/comm/directory/extension), but no event in the four audited runs carried a matching value",,,,document-as-needing-environment,,"filename regex [\{\{.*\}\},\{%.*%\},\{#.*#\},\{\$.*\}…]",rules/web-attacks-enhanced.yaml:234,7/item1
web_xss_file_pattern,Z4,silent,file,file,web-attacks-enhanced.yaml:105,silent-no-input,no,no-input-data,"condition is satisfiable on the live `filename` axis (file filename/op/comm/directory/extension), but no event in the four audited runs carried a matching value",,,,document-as-needing-environment,,"filename regex [<script,%3Cscript,%253Cscript,javascript:…]",rules/web-attacks-enhanced.yaml:105,7/item1
webshell_apache_config_modified,Z4,silent,file,file,webshell-detection.yaml:468,silent-no-input,no,no-input-data,"condition is satisfiable on the live `filename` axis (file filename/op/comm/directory/extension), but no event in the four audited runs carried a matching value",,,,document-as-needing-environment,,"filename prefix [/etc/apache2/conf-enabled/,/etc/apache2/sites-enabled/,/etc/apache2/mods-enabled/,/etc/httpd/conf.d/…]",rules/webshell-detection.yaml:468,7/item1
webshell_asp_written,Z4,silent,file,file,webshell-detection.yaml:45,silent-no-input,no,no-input-data,"condition is satisfiable on the live `filename` axis (file filename/op/comm/directory/extension), but no event in the four audited runs carried a matching value",,,,document-as-needing-environment,,"filename regex [/var/www/.*\.asp$,/var/www/.*\.aspx$,/srv/www/.*\.asp$,/srv/www/.*\.aspx$]",rules/webshell-detection.yaml:45,7/item1
webshell_command_injection_patterns,Z1,silent,syscall,syscall,webshell-detection.yaml:266,silent-no-input,no,no-input-data,"condition is satisfiable on the live `proc.args` axis (syscall nr (within the in-kernel allowlist)/arg/ret/comm/parent_comm, plus proc.args on execve/execveat), but no event in the four audited runs carried a matching value",,,,document-as-needing-environment,,"proc.args regex [;\s*(id|whoami|uname|cat /etc/passwd),\|\s*(id|whoami|uname -a),\$\(id\),`id`…]",rules/webshell-detection.yaml:266,7/item1
webshell_common_filename,Z4,silent,file,file,webshell-detection.yaml:96,silent-no-input,no,no-input-data,"condition is satisfiable on the live `filename` axis (file filename/op/comm/directory/extension), but no event in the four audited runs carried a matching value",,,,document-as-needing-environment,,"filename regex [.*(c99|r57|b374k|wso|alfa|indoxploit|shell|webshell|backdoor|cmd|eval|passthru|exec|cmd)\.php$,.*(upload|uploader|filemanager)\.php$,.*(phpspy|b374|bypass|bypass404)\.php$]",rules/webshell-detection.yaml:96,7/item1
webshell_curl_from_web_proc,Z4,silent,file,file,webshell-detection.yaml:547,silent-no-input,no,no-input-data,"condition is satisfiable on the live `filename` axis (file filename/op/comm/directory/extension), but no event in the four audited runs carried a matching value",,,,document-as-needing-environment,,"filename in [/usr/bin/curl,/usr/bin/wget,/bin/curl,/bin/wget…]",rules/webshell-detection.yaml:547,7/item1
webshell_htaccess_modification,Z4,silent,file,file,webshell-detection.yaml:433,silent-no-input,no,no-input-data,"condition is satisfiable on the live `filename` axis (file filename/op/comm/directory/extension), but no event in the four audited runs carried a matching value",,,,document-as-needing-environment,,"filename regex [/var/www/.*\.htaccess$,/srv/www/.*\.htaccess$,/htdocs/.*\.htaccess$]",rules/webshell-detection.yaml:433,7/item1
webshell_image_extension_script,Z4,silent,file,file,webshell-detection.yaml:111,silent-no-input,no,no-input-data,"condition is satisfiable on the live `filename` axis (file filename/op/comm/directory/extension), but no event in the four audited runs carried a matching value",,,,document-as-needing-environment,,"filename regex [/var/www/.*\.(jpg|jpeg|png|gif|ico|bmp)\.php$,/var/www/.*\.php\.(jpg|jpeg|png|gif)$]",rules/webshell-detection.yaml:111,7/item1
webshell_java_runtime_exec,Z1,silent,syscall,syscall,webshell-detection.yaml:532,silent-no-input,no,no-input-data,"condition is satisfiable on the live `proc.args` axis (syscall nr (within the in-kernel allowlist)/arg/ret/comm/parent_comm, plus proc.args on execve/execveat), but no event in the four audited runs carried a matching value",,,,document-as-needing-environment,,"proc.args regex [java.*-jar.*[^/]+\.jar,java.*RuntimeExec,java.*ProcessBuilder]",rules/webshell-detection.yaml:532,7/item1
webshell_jsp_in_web_root,Z4,silent,file,file,webshell-detection.yaml:28,silent-no-input,no,no-input-data,"condition is satisfiable on the live `filename` axis (file filename/op/comm/directory/extension), but no event in the four audited runs carried a matching value",,,,document-as-needing-environment,,"filename regex [/opt/tomcat/webapps/.*\.jsp$,/var/lib/tomcat.*/webapps/.*\.jsp$,/usr/share/tomcat.*/webapps/.*\.jsp$,/opt/jboss/.*\.jsp$…]",rules/webshell-detection.yaml:28,7/item1
webshell_nginx_config_modified,Z4,silent,file,file,webshell-detection.yaml:452,silent-no-input,no,no-input-data,"condition is satisfiable on the live `filename` axis (file filename/op/comm/directory/extension), but no event in the four audited runs carried a matching value",,,,document-as-needing-environment,,"filename prefix [/etc/nginx/conf.d/,/etc/nginx/sites-enabled/,/etc/nginx/sites-available/,/etc/nginx/nginx.conf]",rules/webshell-detection.yaml:452,7/item1
webshell_php_disable_functions_bypass,Z1,silent,syscall,syscall,webshell-detection.yaml:304,silent-no-input,no,no-input-data,"condition is satisfiable on the live `proc.args` axis (syscall nr (within the in-kernel allowlist)/arg/ret/comm/parent_comm, plus proc.args on execve/execveat), but no event in the four audited runs carried a matching value",,,,document-as-needing-environment,,"proc.args regex [php.*passthru,php.*shell_exec,php.*proc_open,php.*popen…]",rules/webshell-detection.yaml:304,7/item1
webshell_php_eval_pattern,Z1,silent,syscall,syscall,webshell-detection.yaml:287,silent-no-input,no,no-input-data,"condition is satisfiable on the live `proc.args` axis (syscall nr (within the in-kernel allowlist)/arg/ret/comm/parent_comm, plus proc.args on execve/execveat), but no event in the four audited runs carried a matching value",,,,document-as-needing-environment,,"proc.args regex [php.*eval.*base64_decode,php.*assert.*base64,php.*eval.*gzinflate,php.*eval.*str_rot13…]",rules/webshell-detection.yaml:287,7/item1
webshell_php_in_web_root,Z4,silent,file,file,webshell-detection.yaml:10,silent-no-input,no,no-input-data,"condition is satisfiable on the live `filename` axis (file filename/op/comm/directory/extension), but no event in the four audited runs carried a matching value",,,,document-as-needing-environment,,"filename regex [/var/www/html/.*\.php$,/var/www/.*\.php$,/srv/www/.*\.php$,/usr/share/nginx/html/.*\.php$…]",rules/webshell-detection.yaml:10,7/item1
webshell_ssrf_aws_metadata,Z2,silent,tcp_connect,tcp_connect,webshell-detection.yaml:325,silent-no-input,no,no-input-data,"condition is satisfiable on the live `daddr` axis (tcp_connect dport/daddr/sport/saddr/family), but no event in the four audited runs carried a matching value",,,,document-as-needing-environment,,"daddr in [169.254.169.254,fd00:ec2::254]",rules/webshell-detection.yaml:325,7/item1
webshell_upload_via_image_dir,Z4,silent,file,file,webshell-detection.yaml:413,silent-no-input,no,no-input-data,"condition is satisfiable on the live `filename` axis (file filename/op/comm/directory/extension), but no event in the four audited runs carried a matching value",,,,document-as-needing-environment,,"filename regex [/uploads/.*\.(php|jsp|py|sh|pl|rb)$,/upload/.*\.(php|jsp|py|sh|pl|rb)$,/images/.*\.(php|jsp|py|sh|pl|rb)$,/img/.*\.(php|jsp|py|sh|pl|rb)$…]",rules/webshell-detection.yaml:413,7/item1
